time,value
0.0976,45239
0.10693,45316
0.11628,43949
0.12562,44018
0.13495,44300
0.1443,44492
0.15363,43355
0.16297,44310
0.17232,42700
0.18165,42238
0.19098,44763
0.20033,41647
0.20967,42561
0.219,42741
0.22835,42811
0.23768,39816
0.24702,41992
0.25637,39487
0.2657,42004
0.27505,38709
0.28438,39689
0.29372,39958
0.30307,40211
0.3124,39088
0.32173,40694
0.33108,39870
0.34042,37933
0.34975,40277
0.3591,38725
0.36843,38401
0.37777,39677
0.38712,39139
0.39645,40669
0.40578,38190
0.41513,39117
0.42447,38841
0.4338,39157
0.44315,36296
0.45248,34269
0.46183,28638
0.47117,23219
0.4805,18230
0.48985,17404
0.49918,16385
0.50852,16679
0.51787,16721
0.5272,15884
0.53653,15280
0.54588,15473
0.55522,13868
0.56455,13616
0.5739,13861
0.58323,16573
0.59257,13040
0.60192,14042
0.61125,13901
0.6206,13822
0.62993,13631
0.63927,15006
0.64862,14974
0.65795,12849
0.66728,13924
0.67663,14038
0.68597,14022
0.6953,13047
0.70465,14841
0.71398,13715
0.72332,14177
0.73267,13181
0.742,13191
0.75133,13247
0.76068,13305
0.77002,13469
0.77935,14472
0.7887,12066
0.79803,12190
0.80738,12596
0.81672,13710
0.82605,13020
0.8354,12281
0.84473,12706
0.85407,12449
0.86342,11679
0.87275,12485
0.88208,12552
0.89143,12832
0.90077,13581
0.9101,12980
0.91945,13163
0.92878,12140
0.93812,12835
0.94747,13108
0.9568,12854
0.96613,11650
0.97548,11826
0.98482,12495
0.99417,12213
1.0035,12206
1.01283,13444
1.02218,13555
1.03152,11745
1.04085,13362
1.0502,12125
1.05953,12455
1.06887,12195
1.07822,12383
1.08755,12884
1.09688,12174
1.10623,12533
1.11557,12789
1.1249,11503
1.13425,12158
1.14358,11418
1.15292,12887
1.16227,11392
1.1716,11726
1.18095,12074
1.19028,13109
1.19962,11013
1.20897,11169
1.2183,11911
1.22763,12880
1.23698,10942
1.24632,11803
1.25565,11756
1.265,11958
1.27433,12018
1.28367,11698
1.29302,11125
1.30235,11310
1.31168,11350
1.32103,11788
1.33037,10619
1.3397,12009
1.34905,11571
1.35838,10147
1.36773,9826
1.37707,10743
1.3864,12632
1.39575,10394
1.40508,11659
1.41442,11989
1.42377,11015
1.4331,11795
1.44243,11390
1.45178,11701
1.46112,12036
1.47045,12152
1.4798,11939
1.48913,12158
1.49847,11638
1.50782,10582
1.51715,10622
1.52648,10575
1.53583,11774
1.54517,10062
1.55452,11160
1.56385,10578
1.57318,10623
1.58253,10694
1.59187,10857
1.6012,13509
1.61055,20306
1.61988,27767
1.62922,32673
1.63857,40181
1.6479,53817
1.65723,64704
1.66658,71904
1.67592,65743
1.68525,59108
1.6946,50820
1.70393,41015
1.71328,30954
1.72262,28932
1.73195,31027
1.7413,34906
1.75063,38054
1.75997,42412
1.76932,45839
1.77865,46415
1.78798,48015
1.79733,48928
1.80667,48047
1.816,48142
1.82535,47029
1.83468,46540
1.84402,46302
1.85337,44630
1.8627,47006
1.87203,57255
1.88138,90060
1.89072,151462
1.90007,204289
1.9094,233987
1.91873,295786
1.92808,554443
1.93742,1205540
1.94675,2238828
1.9561,3033024
1.96543,2989724
1.97477,2450430
1.98412,1847224
1.99345,1405690
2.00278,1155150
2.01213,991673
2.02147,861355
2.0308,709664
2.04015,526273
2.04948,388394
2.05882,291704
2.06817,223692
2.0775,174169
2.08685,187889
2.09618,603281
2.10552,1099719
2.11487,812445
2.1242,417893
2.13353,254875
2.14288,231921
2.15222,196874
2.16155,157612
2.1709,128878
2.18023,120964
2.18957,150554
2.19892,181095
2.20825,158584
2.21758,128907
2.22693,117694
2.23627,167191
2.2456,479512
2.25495,2221117
2.26428,4678557
2.27363,4658598
2.28297,3278193
2.2923,2005052
2.30165,1266614
2.31098,1805704
2.32032,4559858
2.32967,5748635
2.339,3704466
2.34833,1712437
2.35768,770259
2.36702,393493
2.37635,257265
2.3857,215100
2.39503,204682
2.40437,182848
2.41372,167768
2.42305,151112
2.4324,140914
2.44173,137458
2.45107,121872
2.46042,117459
2.46975,129268
2.47908,144067
2.48843,133815
2.49777,109172
2.5071,96428
2.51645,89073
2.52578,83639
2.53512,81811
2.54447,79408
2.5538,100055
2.56313,134303
2.57248,283282
2.58182,361753
2.59115,300848
2.6005,222192
2.60983,171190
2.61918,159465
2.62852,194751
2.63785,227351
2.6472,203568
2.65653,173693
2.66587,150436
2.67522,128549
2.68455,100429
2.69388,86302
2.70323,78646
2.71257,81232
2.7219,97766
2.73125,122425
2.74058,152435
2.74992,174609
2.75927,168184
2.7686,176306
2.77793,215112
2.78728,280760
2.79662,304046
2.80597,262750
2.8153,218703
2.82463,195333
2.83398,174429
2.84332,146178
2.85265,124513
2.862,121789
2.87133,159665
2.88067,196260
2.89002,185654
2.89935,146296
2.90868,119885
2.91803,105956
2.92737,96922
2.9367,90988
2.94605,83764
2.95538,82932
2.96472,84018
2.97407,80858
2.9834,78074
2.99275,82369
3.00208,92913
3.01142,115013
3.02077,129958
3.0301,120606
3.03943,115216
3.04878,130718
3.05812,134824
3.06745,132877
3.0768,126507
3.08613,118953
3.09547,106128
3.10482,90162
3.11415,76553
3.12348,73123
3.13283,70692
3.14217,70423
3.1515,74699
3.16085,77156
3.17018,85615
3.17953,91195
3.18887,87743
3.1982,80553
3.20755,79954
3.21688,75093
3.22622,72802
3.23557,67566
3.2449,66434
3.25423,65479
3.26358,67147
3.27292,63807
3.28225,66150
3.2916,65106
3.30093,67506
3.31027,69265
3.31962,73537
3.32895,70219
3.3383,68552
3.34763,68058
3.35697,68415
3.36632,66121
3.37565,67575
3.38498,65070
3.39433,60907
3.40367,61082
3.413,64782
3.42235,71528
3.43168,76955
3.44102,79996
3.45037,87009
3.4597,90000
3.46903,85485
3.47838,78918
3.48772,74832
3.49705,74697
3.5064,68979
3.51573,67422
3.52508,67840
3.53442,65786
3.54375,63541
3.5531,76184
3.56243,156900
3.57177,353311
3.58112,514351
3.59045,451376
3.59978,277231
3.60913,173523
3.61847,175656
3.6278,149822
3.63715,124278
3.64648,105493
3.65582,90246
3.66517,88916
3.6745,90328
3.68383,96986
3.69318,102588
3.70252,90168
3.71187,80049
3.7212,73727
3.73053,77717
3.73988,86507
3.74922,86597
3.75855,75243
3.7679,72466
3.77723,67242
3.78657,68645
3.79592,68205
3.80525,176789
3.81458,220618
3.82393,382780
3.83327,576713
3.8426,551120
3.85195,361017
3.86128,215583
3.87062,143427
3.87997,109939
3.8893,93896
3.89865,88793
3.90798,95674
3.91732,98629
3.92667,96210
3.936,97901
3.94533,157439
3.95468,196222
3.96402,184218
3.97335,154579
3.9827,117077
3.99203,91600
4.00137,76589
4.01072,70907
4.02005,67203
4.02938,68912
4.03873,92461
4.04807,185334
4.05742,359701
4.06675,413574
4.07608,307052
4.08543,202039
4.09477,150699
4.1041,129092
4.11345,109783
4.12278,92534
4.13212,82359
4.14147,76947
4.1508,76261
4.16013,75442
4.16948,74032
4.17882,70255
4.18815,64567
4.1975,64816
4.20683,67703
4.21617,70218
4.22552,71995
4.23485,68227
4.2442,66703
4.25353,65456
4.26287,64966
4.27222,67577
4.28155,85259
4.29088,90491
4.30023,85404
4.30957,79563
4.3189,76973
4.32825,94382
4.33758,114233
4.34692,116271
4.35627,97529
4.3656,77789
4.37493,66581
4.38428,72564
4.39362,74487
4.40295,74264
4.4123,65584
4.42163,62540
4.43098,60883
4.44032,58983
4.44965,57324
4.459,57618
4.46833,63434
4.47767,72334
4.48702,86800
4.49635,96430
4.50568,87362
4.51503,73717
4.52437,65223
4.5337,62970
4.54305,64656
4.55238,65739
4.56172,65789
4.57107,64315
4.5804,63776
4.58973,61990
4.59908,59518
4.60842,60904
4.61777,59720
4.6271,58556
4.63643,61521
4.64578,64058
4.65512,68684
4.66445,70724
4.6738,70062
4.68313,68406
4.69247,80843
4.70182,111649
4.71115,162251
4.72048,161453
4.72983,116882
4.73917,94121
4.7485,86132
4.75785,79742
4.76718,70861
4.77652,67425
4.78587,65126
4.7952,65618
4.80455,62444
4.81388,65447
4.82322,64506
4.83257,65269
4.8419,65520
4.85123,67789
4.86058,71715
4.86992,72535
4.87925,84049
4.8886,94529
4.89793,93173
4.90727,82277
4.91662,75145
4.92595,71970
4.93528,65137
4.94463,67285
4.95397,66847
4.9633,63735
4.97265,61557
4.98198,57945
4.99133,59190
5.00067,62072
5.01,61823
5.01935,61613
5.02868,63798
5.03802,67396
5.04737,67728
5.0567,64259
5.06603,64004
5.07538,62556
5.08472,64488
5.09405,67679
5.1034,65183
5.11273,61721
5.12207,59526
5.13142,59611
5.14075,59515
5.1501,64538
5.15943,73482
5.16877,76667
5.17812,70898
5.18745,69252
5.19678,80075
5.20613,79754
5.21547,73819
5.2248,65398
5.23415,64601
5.24348,65354
5.25282,68942
5.26217,64104
5.2715,73649
5.28083,128514
5.29018,246558
5.29952,347204
5.30885,312095
5.3182,199739
5.32753,128849
5.33688,101950
5.34622,90101
5.35555,77212
5.3649,66909
5.37423,60924
5.38357,66393
5.39292,77252
5.40225,84815
5.41158,84416
5.42093,78111
5.43027,70613
5.4396,64819
5.44895,58744
5.45828,60056
5.46762,71858
5.47697,86773
5.4863,84700
5.49563,71152
5.50498,66231
5.51432,65624
5.52367,73893
5.533,97260
5.54233,121156
5.55168,118731
5.56102,92431
5.57035,70618
5.5797,61553
5.58903,59193
5.59837,59196
5.60772,58622
5.61705,59144
5.62638,55052
5.63573,53249
5.64507,56184
5.6544,57417
5.66375,65770
5.67308,76141
5.68242,93026
5.69177,86253
5.7011,74103
5.71045,71999
5.71978,68866
5.72912,67842
5.73847,67167
5.7478,74998
5.75713,86509
5.76648,97959
5.77582,100548
5.78515,92557
5.7945,75087
5.80383,62137
5.81317,58697
5.82252,58827
5.83185,66363
5.84118,78811
5.85053,80771
5.85987,73307
5.86922,66615
5.87855,62220
5.88788,62953
5.89723,54317
5.90657,58848
5.9159,82255
5.92525,129692
5.93458,175475
5.94392,171108
5.95327,152940
5.9626,134222
5.97193,108721
5.98128,81145
5.99062,67559
5.99995,62788
6.0093,59493
6.01863,55871
6.02797,52373
6.03732,44609
6.04665,41242
6.056,38236
6.06533,37337
6.07467,36428
6.08402,36089
6.09335,31772
6.10268,32185
6.11203,31925
6.12137,32511
6.1307,35513
6.14005,47174
6.14938,48514
6.15872,41338
6.16807,35372
6.1774,33221
6.18673,34947
6.19608,38101
6.20542,35401
6.21475,32381
6.2241,33119
6.23343,40243
6.24278,46391
6.25212,43175
6.26145,38506
6.2708,46680
6.28013,66068
6.28947,73004
6.29882,58664
6.30815,39925
6.31748,32889
6.32683,27649
6.33617,28636
6.3455,30215
6.35485,29244
6.36418,30009
6.37352,33896
6.38287,44775
6.3922,79920
6.40153,228084
6.41088,777952
6.42022,1560957
6.42957,1635479
6.4389,966025
6.44823,348591
6.45758,109267
6.46692,53871
6.47625,42424
6.4856,37206
6.49493,36304
6.50427,34013
6.51362,33698
6.52295,34901
6.53228,33939
6.54163,29085
6.55097,31472
6.5603,30979
6.56965,31168
6.57898,32875
6.58832,32327
6.59767,36340
6.607,37148
6.61635,38735
6.62568,38624
6.63502,38857
6.64437,38209
6.6537,38944
6.66303,36495
6.67238,38261
6.68172,37161
6.69105,34082
6.7004,40496
6.70973,45071
6.71907,44887
6.72842,39926
6.73775,35517
6.74708,31403
6.75643,30300
6.76577,29591
6.77512,29854
6.78445,31911
6.79378,38343
6.80313,44430
6.81247,50853
6.8218,44284
6.83115,38188
6.84048,32874
6.84982,34055
6.85917,31938
6.8685,32920
6.87783,32883
6.88718,30048
6.89652,31390
6.90585,30827
6.9152,31601
6.92453,33291
6.93387,29595
6.94322,28214
6.95255,29502
6.9619,31758
6.97123,32255
6.98057,30669
6.98992,32204
6.99925,32286
7.00858,38425
7.01793,57015
7.02727,71840
7.0366,57168
7.04595,39341
7.05528,28579
7.06462,27482
7.07397,25611
7.0833,27449
7.09263,31317
7.10198,31373
7.11132,34013
7.12065,34932
7.13,33841
7.13933,29944
7.14868,30579
7.15802,27064
7.16735,27463
7.1767,27090
7.18603,28759
7.19537,25977
7.20472,28054
7.21405,30122
7.22338,33222
7.23273,45887
7.24207,75857
7.2514,99262
7.26075,93942
7.27008,66045
7.27942,54243
7.28877,49182
7.2981,40894
7.30743,38993
7.31678,36694
7.32612,34313
7.33547,33730
7.3448,31925
7.35413,29399
7.36348,28637
7.37282,25228
7.38215,27246
7.3915,34031
7.40083,65836
7.41017,130515
7.41952,182481
7.42885,173186
7.43818,113532
7.44753,67771
7.45687,40494
7.4662,32975
7.47555,38859
7.48488,46981
7.49423,46606
7.50357,41541
7.5129,33312
7.52225,28188
7.53158,27735
7.54092,25717
7.55027,27146
7.5596,29338
7.56893,35102
7.57828,62845
7.58762,109031
7.59695,131037
7.6063,98551
7.61563,61874
7.62497,46725
7.63432,40807
7.64365,38073
7.65298,34361
7.66233,32031
7.67167,29370
7.68102,33373
7.69035,33940
7.69968,33950
7.70903,40169
7.71837,44932
7.7277,48295
7.73705,51192
7.74638,49587
7.75572,50422
7.76507,48293
7.7744,43662
7.78373,42393
7.79308,41589
7.80242,39481
7.81175,35138
7.8211,33221
7.83043,32038
7.83977,30246
7.84912,32851
7.85845,45904
7.8678,80657
7.87713,115395
7.88647,117460
7.89582,84356
7.90515,63644
7.91448,70786
7.92383,101965
7.93317,116365
7.9425,94348
7.95185,72150
7.96118,80030
7.97052,84530
7.97987,89043
7.9892,114245
7.99853,137112
8.00788,113562
8.01722,78409
8.02655,54674
8.0359,50735
8.04523,54595
8.05458,62204
8.06392,57999
8.07325,47619
8.0826,42163
8.09193,47562
8.10127,65204
8.11062,73173
8.11995,58662
8.12928,46407
8.13863,38185
8.14797,35202
8.1573,33633
8.16665,32537
8.17598,33817
8.18532,32379
8.19467,33351
8.204,35148
8.21333,35234
8.22268,35697
8.23202,39296
8.24137,40718
8.2507,42824
8.26003,43045
8.26938,41974
8.27872,36846
8.28805,32169
8.2974,31405
8.30673,33775
8.31607,33057
8.32542,34648
8.33475,31816
8.34408,30878
8.35343,31761
8.36277,31309
8.3721,29945
8.38145,33842
8.39078,38431
8.40012,46055
8.40947,48073
8.4188,54586
8.42815,58551
8.43748,52984
8.44682,44463
8.45617,39967
8.4655,38843
8.47483,38034
8.48418,37528
8.49352,36294
8.50285,36675
8.5122,35534
8.52153,35057
8.53087,33629
8.54022,35318
8.54955,38023
8.55888,41559
8.56823,48358
8.57757,51880
8.58692,48395
8.59625,44773
8.60558,44001
8.61493,44544
8.62427,43237
8.6336,40272
8.64295,39006
8.65228,34904
8.66162,37552
8.67097,38026
8.6803,37630
8.68963,37909
8.69898,38257
8.70832,38373
8.71765,38856
8.727,35891
8.73633,34120
8.74567,40672
8.75502,54128
8.76435,65266
8.7737,64057
8.78303,48557
8.79237,43547
8.80172,54273
8.81105,71277
8.82038,94716
8.82973,87652
8.83907,63219
8.8484,46491
8.85775,39336
8.86708,38990
8.87642,43244
8.88577,46791
8.8951,45231
8.90443,43932
8.91378,43574
8.92312,44601
8.93245,44740
8.9418,45932
8.95113,46511
8.96048,40944
8.96982,39951
8.97915,40582
8.9885,41797
8.99783,40452
9.00717,39520
9.01652,41151
9.02585,40926
9.03518,37447
9.04453,42004
9.05387,45217
9.0632,49334
9.07255,52862
9.08188,55727
9.09122,65599
9.10057,69401
9.1099,60947
9.11923,49622
9.12858,49982
9.13792,65986
9.14727,81919
9.1566,79796
9.16593,55220
9.17528,41767
9.18462,40626
9.19395,37374
9.2033,38921
9.21263,45631
9.22197,58503
9.23132,93112
9.24065,137066
9.24998,151497
9.25933,121154
9.26867,87747
9.278,64533
9.28735,52853
9.29668,45505
9.30603,41872
9.31537,49196
9.3247,57955
9.33405,78093
9.34338,92304
9.35272,84276
9.36207,88051
9.3714,162248
9.38073,258122
9.39008,272497
9.39942,199536
9.40875,121427
9.4181,84962
9.42743,70255
9.43677,68991
9.44612,60567
9.45545,50275
9.46478,43086
9.47413,39456
9.48347,36458
9.49282,41525
9.50215,48115
9.51148,54815
9.52083,50385
9.53017,47942
9.5395,50886
9.54885,57781
9.55818,65825
9.56752,82872
9.57687,98699
9.5862,88836
9.59553,64580
9.60488,60134
9.61422,67573
9.62355,61205
9.6329,53267
9.64223,51893
9.65157,52335
9.66092,47373
9.67025,48762
9.6796,46296
9.68893,43732
9.69827,42352
9.70762,40200
9.71695,43521
9.72628,96091
9.73563,424318
9.74497,1348896
9.7543,2384541
9.76365,2218636
9.77298,1209106
9.78232,504758
9.79167,240716
9.801,162082
9.81033,128045
9.81968,107135
9.82902,109967
9.83835,128526
9.8477,148676
9.85703,162926
9.86638,140764
9.87572,114141
9.88505,103131
9.8944,126541
9.90373,141057
9.91307,157417
9.92242,239381
9.93175,319936
9.94108,268975
9.95043,159545
9.95977,91198
9.9691,67207
9.97845,74117
9.98778,114886
9.99712,184345
10.00647,203990
10.0158,153726
10.02513,103320
10.03448,73467
10.04382,62897
10.05317,59908
10.0625,59881
10.07183,75857
10.08118,93911
10.09052,102650
10.09985,105251
10.1092,103122
10.11853,214000
10.12787,642940
10.13722,1300188
10.14655,1492129
10.15588,1421853
10.16523,2283046
10.17457,3782766
10.1839,3673750
10.19325,1816516
10.20258,484862
10.21193,117695
10.22127,68584
10.2306,73838
10.23995,86515
10.24928,106787
10.25862,110739
10.26797,85550
10.2773,66904
10.28663,55558
10.29598,50258
10.30532,52968
10.31465,50598
10.324,50550
10.33333,55819
10.34267,55543
10.35202,49983
10.36135,48066
10.37068,47761
10.38003,47260
10.38937,43812
10.39872,40442
10.40805,40750
10.41738,44871
10.42673,52913
10.43607,60195
10.4454,60717
10.45475,56374
10.46408,58971
10.47342,59918
10.48277,58785
10.4921,49516
10.50143,44483
10.51078,39844
10.52012,39511
10.52945,38715
10.5388,39402
10.54813,42286
10.55747,43848
10.56682,42457
10.57615,44455
10.5855,48753
10.59483,53986
10.60417,61928
10.61352,56387
10.62285,46963
10.63218,47013
10.64153,56130
10.65087,59541
10.6602,50933
10.66955,47120
10.67888,50210
10.68822,57396
10.69757,66244
10.7069,67412
10.71623,60182
10.72558,63211
10.73492,65984
10.74425,57798
10.7536,59260
10.76293,89261
10.77228,135565
10.78162,145471
10.79095,131086
10.8003,190407
10.80963,357700
10.81897,456767
10.82832,333241
10.83765,163364
10.84698,75556
10.85633,53501
10.86567,49386
10.875,54310
10.88435,65860
10.89368,74691
10.90302,74446
10.91237,60149
10.9217,52846
10.93105,52024
10.94038,54887
10.94972,52003
10.95907,47494
10.9684,47915
10.97773,48610
10.98708,45318
10.99642,42187
11.00575,41046
11.0151,43070
11.02443,41757
11.03377,43781
11.04312,47815
11.05245,48469
11.06178,46747
11.07113,42528
11.08047,39694
11.0898,39342
11.09915,40403
11.10848,48666
11.11783,61299
11.12717,66331
11.1365,59516
11.14585,51991
11.15518,50214
11.16452,47307
11.17387,44930
11.1832,42576
11.19253,41438
11.20188,39146
11.21122,38151
11.22055,41502
11.2299,43399
11.23923,47944
11.24857,44408
11.25792,44066
11.26725,47920
11.27658,53910
11.28593,53313
11.29527,47752
11.30462,50942
11.31395,78314
11.32328,120257
11.33263,135530
11.34197,109460
11.3513,97270
11.36065,113587
11.36998,117619
11.37932,98663
11.38867,72482
11.398,57826
11.40733,62087
11.41668,69948
11.42602,63450
11.43535,56092
11.4447,48693
11.45403,47174
11.46337,50827
11.47272,67221
11.48205,81788
11.4914,77094
11.50073,57560
11.51007,44700
11.51942,40656
11.52875,40230
11.53808,39869
11.54743,42780
11.55677,49705
11.5661,68810
11.57545,124025
11.58478,191271
11.59412,200783
11.60347,148995
11.6128,108303
11.62213,80952
11.63148,73191
11.64082,69563
11.65015,66080
11.6595,64873
11.66883,64150
11.67818,62516
11.68752,61143
11.69685,53881
11.7062,53345
11.71553,53375
11.72487,53138
11.73422,52453
11.74355,48818
11.75288,49109
11.76223,51955
11.77157,52354
11.7809,53429
11.79025,58572
11.79958,65298
11.80892,60009
11.81827,56248
11.8276,53348
11.83693,59787
11.84628,65740
11.85562,64670
11.86497,60169
11.8743,55836
11.88363,59989
11.89298,60004
11.90232,56186
11.91165,53283
11.921,51482
11.93033,49349
11.93967,56784
11.94902,80132
11.95835,92699
11.96768,83453
11.97703,63265
11.98637,53102
11.9957,50013
12.00505,52577
12.01438,64711
12.02373,86994
12.03307,93725
12.0424,80521
12.05175,70821
12.06108,59588
12.07042,54051
12.07977,49381
12.0891,49313
12.09843,51314
12.10778,54747
12.11712,53175
12.12645,51308
12.1358,52438
12.14513,51606
12.15447,52535
12.16382,56352
12.17315,80747
12.18248,136571
12.19183,179279
12.20117,144767
12.21052,87396
12.21985,63890
12.22918,70411
12.23853,84188
12.24787,92288
12.2572,77217
12.26655,69608
12.27588,106068
12.28522,200036
12.29457,246277
12.3039,187749
12.31323,106382
12.32258,68406
12.33192,59332
12.34125,63359
12.3506,71022
12.35993,69570
12.36927,58348
12.37862,54108
12.38795,56657
12.3973,61191
12.40663,71317
12.41597,77630
12.42532,76258
12.43465,77396
12.44398,69872
12.45333,66330
12.46267,63231
12.472,70348
12.48135,71580
12.49068,73237
12.50002,73537
12.50937,73163
12.5187,75810
12.52803,71872
12.53738,70973
12.54672,71539
12.55605,64169
12.5654,69550
12.57473,76975
12.58408,80751
12.59342,80904
12.60275,74239
12.6121,65575
12.62143,63229
12.63077,62089
12.64012,68673
12.64945,81098
12.65878,84852
12.66813,80700
12.67747,70488
12.6868,59718
12.69615,54240
12.70548,49319
12.71482,52370
12.72417,55945
12.7335,62221
12.74285,60790
12.75218,63158
12.76152,70237
12.77087,73582
12.7802,66115
12.78953,57903
12.79888,54236
12.80822,55586
12.81755,55616
12.8269,56366
12.83623,56575
12.84557,57322
12.85492,55516
12.86425,55592
12.87358,56340
12.88293,54620
12.89227,51455
12.9016,55990
12.91095,55777
12.92028,56031
12.92963,48053
12.93897,50654
12.9483,57659
12.95765,61553
12.96698,57211
12.97632,54467
12.98567,48441
12.995,47936
13.00433,48922
13.01368,46110
13.02302,49418
13.03235,58375
13.0417,66230
13.05103,68603
13.06037,61178
13.06972,64965
13.07905,80002
13.08838,88317
13.09773,70095
13.10707,63474
13.11642,58683
13.12575,60150
13.13508,56414
13.14443,64334
13.15377,71000
13.1631,82258
13.17245,105240
13.18178,124866
13.19112,129320
13.20047,229669
13.2098,677264
13.21913,1466888
13.22848,1725586
13.23782,1092148
13.24715,431772
13.2565,208340
13.26583,164499
13.27517,123454
13.28452,90782
13.29385,74723
13.3032,64566
13.31253,63542
13.32187,70399
13.33122,80088
13.34055,80052
13.34988,78070
13.35923,82551
13.36857,77083
13.3779,71502
13.38725,64979
13.39658,68500
13.40592,86188
13.41527,95461
13.4246,75962
13.43393,62270
13.44328,62503
13.45262,69026
13.46195,70772
13.4713,64823
13.48063,60877
13.48998,63398
13.49932,58985
13.50865,57331
13.518,63218
13.52733,105766
13.53667,169020
13.54602,187377
13.55535,134327
13.56468,84221
13.57403,64664
13.58337,57374
13.5927,55622
13.60205,49466
13.61138,50820
13.62072,48336
13.63007,48266
13.6394,53490
13.64875,61857
13.65808,69912
13.66742,75182
13.67677,66000
13.6861,58830
13.69543,56984
13.70478,59904
13.71412,60832
13.72345,53436
13.7328,46720
13.74213,41687
13.75147,40902
13.76082,44264
13.77015,46457
13.77948,47236
13.78883,46424
13.79817,48547
13.8075,56471
13.81685,61243
13.82618,61916
13.83553,54555
13.84487,46898
13.8542,47820
13.86355,49555
13.87288,52269
13.88222,57811
13.89157,72806
13.9009,108130
13.91023,188464
13.91958,333696
13.92892,502145
13.93825,463812
13.9476,255161
13.95693,120187
13.96627,83034
13.97562,75110
13.98495,67955
13.99428,64656
14.00363,63857
14.01297,65988
14.02232,60403
14.03165,54260
14.04098,57345
14.05033,134826
14.05967,807388
14.069,3570009
14.07835,8674345
14.08768,1.23E+07
14.09702,9422708
14.10637,3078027
14.1157,515142
14.12503,108083
14.13438,73658
14.14372,66512
14.15305,68121
14.1624,73863
14.17173,80642
14.18107,89979
14.19042,112541
14.19975,165787
14.2091,201941
14.21843,162979
14.22777,94758
14.23712,59691
14.24645,47825
14.25578,46350
14.26513,50190
14.27447,52853
14.2838,58599
14.29315,53912
14.30248,51338
14.31182,49249
14.32117,58465
14.3305,83402
14.33983,108666
14.34918,112099
14.35852,87981
14.36785,66525
14.3772,57016
14.38653,53190
14.39588,53359
14.40522,54358
14.41455,52033
14.4239,48385
14.43323,48162
14.44257,52173
14.45192,75180
14.46125,135133
14.47058,205504
14.47993,210210
14.48927,164382
14.4986,99209
14.50795,64386
14.51728,53493
14.52662,48773
14.53597,47663
14.5453,50099
14.55465,52807
14.56398,56637
14.57332,60967
14.58267,57533
14.592,53864
14.60133,53808
14.61068,53593
14.62002,50063
14.62935,54977
14.6387,57126
14.64803,74507
14.65737,101701
14.66672,120979
14.67605,105105
14.68538,83254
14.69473,62973
14.70407,56066
14.7134,49849
14.72275,49816
14.73208,47815
14.74143,51645
14.75077,53944
14.7601,52379
14.76945,52287
14.77878,59171
14.78812,83746
14.79747,145635
14.8068,227581
14.81613,244336
14.82548,176770
14.83482,104754
14.84415,67953
14.8535,54364
14.86283,56514
14.87217,68809
14.88152,86476
14.89085,93136
14.90018,79537
14.90953,61654
14.91887,57596
14.92822,54124
14.93755,54138
14.94688,54298
14.95623,53280
14.96557,57343
14.9749,68173
14.98425,74532
14.99358,72311
15.00292,64374
15.01227,67109
15.0216,76976
15.03093,76377
15.04028,68419
15.04962,65843
15.05895,76887
15.0683,81292
15.07763,86454
15.08697,85471
15.09632,70418
15.10565,57920
15.115,50629
15.12433,55749
15.13367,68367
15.14302,90360
15.15235,88100
15.16168,70883
15.17103,57491
15.18037,53277
15.1897,57329
15.19905,64648
15.20838,91369
15.21772,139714
15.22707,193498
15.2364,204737
15.24573,158349
15.25508,112801
15.26442,79194
15.27375,63363
15.2831,60392
15.29243,59985
15.30178,57207
15.31112,54725
15.32045,55951
15.3298,59505
15.33913,66865
15.34847,74629
15.35782,72473
15.36715,73008
15.37648,83920
15.38583,94495
15.39517,88597
15.4045,69018
15.41385,54785
15.42318,55436
15.43252,63243
15.44187,67528
15.4512,62458
15.46055,58649
15.46988,55147
15.47922,57753
15.48857,59641
15.4979,61582
15.50723,74287
15.51658,106356
15.52592,167246
15.53525,187196
15.5446,141355
15.55393,91377
15.56327,63241
15.57262,51823
15.58195,51941
15.59128,51840
15.60063,53180
15.60997,56746
15.6193,60862
15.62865,66551
15.63798,76365
15.64733,83517
15.65667,82184
15.666,93102
15.67535,98230
15.68468,93512
15.69402,80661
15.70337,81482
15.7127,103157
15.72203,110539
15.73138,88682
15.74072,71075
15.75005,71145
15.7594,89141
15.76873,106482
15.77807,105699
15.78742,93057
15.79675,78319
15.80608,74491
15.81543,106843
15.82477,202653
15.83412,383293
15.84345,534515
15.85278,581626
15.86213,455755
15.87147,247232
15.8808,131969
15.89015,107178
15.89948,118280
15.90882,133634
15.91817,132802
15.9275,109487
15.93683,84596
15.94618,69624
15.95552,59341
15.96485,60244
15.9742,64419
15.98353,84381
15.99287,118280
16.00222,147066
16.01155,143240
16.0209,104107
16.03023,75766
16.03957,62648
16.04892,66712
16.05825,68490
16.06758,69401
16.07693,69030
16.08627,67905
16.0956,67887
16.10495,64719
16.11428,66452
16.12362,77889
16.13297,87894
16.1423,84936
16.15163,77251
16.16098,73290
16.17032,72423
16.17967,66629
16.189,61425
16.19833,62366
16.20768,68816
16.21702,78923
16.22635,88545
16.2357,88334
16.24503,85881
16.25437,75499
16.26372,72304
16.27305,78302
16.28238,115169
16.29173,249245
16.30107,536672
16.3104,779428
16.31975,666917
16.32908,349592
16.33842,149112
16.34777,82677
16.3571,65031
16.36645,54714
16.37578,52373
16.38512,49917
16.39447,51544
16.4038,53448
16.41313,57131
16.42248,60615
16.43182,65350
16.44115,62545
16.4505,63531
16.45983,74573
16.46917,90030
16.47852,89167
16.48785,76296
16.49718,68496
16.50653,64064
16.51587,67594
16.5252,71129
16.53455,71726
16.54388,68952
16.55323,65311
16.56257,63407
16.5719,56692
16.58125,59017
16.59058,66116
16.59992,70456
16.60927,62105
16.6186,60215
16.62793,67940
16.63728,86906
16.64662,97118
16.65595,91703
16.6653,82009
16.67463,74140
16.68397,67439
16.69332,75333
16.70265,95010
16.71198,112160
16.72133,98708
16.73067,79476
16.74002,70977
16.74935,110943
16.75868,191917
16.76803,231322
16.77737,171233
16.7867,99072
16.79605,67866
16.80538,64032
16.81472,67266
16.82407,77651
16.8334,89956
16.84273,104395
16.85208,107273
16.86142,90224
16.87075,71349
16.8801,60997
16.88943,59555
16.89877,60566
16.90812,70027
16.91745,97460
16.9268,128618
16.93613,134447
16.94547,102624
16.95482,89389
16.96415,95727
16.97348,106596
16.98283,105012
16.99217,90893
17.0015,78020
17.01085,72529
17.02018,65672
17.02952,86157
17.03887,139167
17.0482,188518
17.05753,162388
17.06688,107696
17.07622,84724
17.08555,82647
17.0949,75380
17.10423,73758
17.11358,69839
17.12292,61913
17.13225,69506
17.1416,90327
17.15093,106714
17.16027,94581
17.16962,70226
17.17895,61546
17.18828,62347
17.19763,62042
17.20697,63921
17.2163,60884
17.22565,56678
17.23498,54533
17.24432,57964
17.25367,60108
17.263,60111
17.27235,65567
17.28168,72687
17.29102,81942
17.30037,88717
17.3097,89193
17.31903,87491
17.32838,95472
17.33772,99903
17.34705,91005
17.3564,79948
17.36573,68525
17.37507,80644
17.38442,164582
17.39375,367231
17.40308,460098
17.41243,328609
17.42177,165603
17.4311,100497
17.44045,77419
17.44978,76504
17.45913,80544
17.46847,77256
17.4778,71624
17.48715,78207
17.49648,169844
17.50582,816631
17.51517,3007345
17.5245,6013261
17.53383,6388781
17.54318,3332187
17.55252,887685
17.56185,174126
17.5712,87212
17.58053,88858
17.58987,100607
17.59922,107465
17.60855,96256
17.61788,83165
17.62723,69629
17.63657,68444
17.64592,73015
17.65525,76300
17.66458,92695
17.67393,107640
17.68327,120028
17.6926,117619
17.70195,120555
17.71128,114637
17.72062,111201
17.72997,100413
17.7393,88799
17.74863,82472
17.75798,88161
17.76732,99243
17.77665,108541
17.786,109850
17.79533,96152
17.80467,86273
17.81402,77670
17.82335,70352
17.8327,67854
17.84203,63777
17.85137,70529
17.86072,87065
17.87005,108346
17.87938,115654
17.88873,106012
17.89807,94895
17.9074,90195
17.91675,75507
17.92608,68111
17.93542,67972
17.94477,68824
17.9541,69905
17.96343,71376
17.97278,68758
17.98212,68183
17.99147,63283
18.0008,62801
18.01013,64079
18.01948,66804
18.02882,65420
18.03815,69683
18.0475,71369
18.05683,76119
18.06617,78941
18.07552,76795
18.08485,69954
18.09418,65384
18.10353,65553
18.11287,70590
18.1222,81172
18.13155,89028
18.14088,86458
18.15022,82686
18.15957,83601
18.1689,82140
18.17825,79233
18.18758,77781
18.19692,71278
18.20627,67811
18.2156,64752
18.22493,67722
18.23428,67982
18.24362,66032
18.25295,63257
18.2623,58364
18.27163,62963
18.28097,67582
18.29032,83782
18.29965,93390
18.30898,99066
18.31833,107971
18.32767,102136
18.337,97674
18.34635,105118
18.35568,123943
18.36503,140493
18.37437,137750
18.3837,116020
18.39305,105284
18.40238,116372
18.41172,150514
18.42107,165383
18.4304,133912
18.43973,101765
18.44908,97752
18.45842,110164
18.46775,104390
18.4771,86692
18.48643,81019
18.49577,93372
18.50512,134104
18.51445,177729
18.52378,202953
18.53313,177273
18.54247,135873
18.55182,107698
18.56115,107754
18.57048,107716
18.57983,93067
18.58917,80083
18.5985,71202
18.60785,76002
18.61718,91339
18.62652,105438
18.63587,111004
18.6452,104064
18.65453,104132
18.66388,98296
18.67322,92186
18.68255,96662
18.6919,92153
18.70123,88954
18.71057,91916
18.71992,109286
18.72925,115661
18.7386,117874
18.74793,106558
18.75727,94053
18.76662,84422
18.77595,74235
18.78528,68715
18.79463,67559
18.80397,68167
18.8133,73486
18.82265,76074
18.83198,77087
18.84132,76990
18.85067,76327
18.86,72731
18.86933,74323
18.87868,73127
18.88802,71615
18.89735,70740
18.9067,75784
18.91603,91712
18.92538,116255
18.93472,118200
18.94405,110250
18.9534,103890
18.96273,117700
18.97207,133934
18.98142,141006
18.99075,125035
19.00008,100119
19.00943,88127
19.01877,82660
19.0281,80164
19.03745,81332
19.04678,95546
19.05612,134614
19.06547,189105
19.0748,214972
19.08415,236309
19.09348,291106
19.10282,288868
19.11217,217071
19.1215,141167
19.13083,95796
19.14018,75173
19.14952,68194
19.15885,68258
19.1682,65549
19.17753,62470
19.18687,67964
19.19622,74246
19.20555,85990
19.21488,91432
19.22423,92378
19.23357,92915
19.2429,88012
19.25225,82012
19.26158,75064
19.27093,71685
19.28027,76073
19.2896,83541
19.29895,96904
19.30828,121691
19.31762,185893
19.32697,247028
19.3363,217425
19.34563,143832
19.35498,100307
19.36432,80091
19.37365,73046
19.383,70283
19.39233,69682
19.40167,74692
19.41102,86467
19.42035,89789
19.42968,86087
19.43903,75467
19.44837,66439
19.45772,70225
19.46705,66488
19.47638,71218
19.48573,77013
19.49507,86284
19.5044,92204
19.51375,88118
19.52308,74756
19.53242,71135
19.54177,71554
19.5511,67767
19.56043,68139
19.56978,69047
19.57912,73744
19.58845,82201
19.5978,85869
19.60713,88232
19.61647,77586
19.62582,73514
19.63515,76457
19.6445,87707
19.65383,96675
19.66317,89482
19.67252,76871
19.68185,72463
19.69118,75600
19.70053,78943
19.70987,82013
19.7192,86534
19.72855,101063
19.73788,133578
19.74722,156233
19.75657,135466
19.7659,105043
19.77523,91012
19.78458,92854
19.79392,93273
19.80327,92892
19.8126,86304
19.82193,75646
19.83128,76883
19.84062,77995
19.84995,74194
19.8593,72324
19.86863,81545
19.87797,101865
19.88732,137101
19.89665,148291
19.90598,119867
19.91533,91704
19.92467,85229
19.934,80748
19.94335,80218
19.95268,77228
19.96202,80344
19.97137,85877
19.9807,84536
19.99005,78122
19.99938,74633
20.00872,69825
20.01807,70914
20.0274,79525
20.03673,83154
20.04608,81971
20.05542,89157
20.06475,83879
20.0741,78351
20.08343,81536
20.09277,86433
20.10212,85138
20.11145,77475
20.12078,71864
20.13013,64799
20.13947,64382
20.1488,74097
20.15815,89378
20.16748,105928
20.17683,104609
20.18617,91199
20.1955,78767
20.20485,72455
20.21418,70947
20.22352,74781
20.23287,83241
20.2422,86820
20.25153,87466
20.26088,82485
20.27022,78860
20.27955,72321
20.2889,71730
20.29823,77321
20.30757,81414
20.31692,81240
20.32625,74264
20.33558,67894
20.34493,64685
20.35427,66954
20.36362,69820
20.37295,73759
20.38228,74660
20.39163,71213
20.40097,70813
20.4103,68391
20.41965,65320
20.42898,65830
20.43832,67498
20.44767,71184
20.457,71079
20.46633,77255
20.47568,93735
20.48502,114942
20.49435,113371
20.5037,90786
20.51303,75049
20.52237,70160
20.53172,70495
20.54105,69770
20.5504,74468
20.55973,87134
20.56907,142893
20.57842,346975
20.58775,662143
20.59708,729841
20.60643,445091
20.61577,187229
20.6251,100977
20.63445,97220
20.64378,129864
20.65312,176036
20.66247,184772
20.6718,144176
20.68113,109325
20.69048,91787
20.69982,88144
20.70917,82774
20.7185,82828
20.72783,82438
20.73718,83298
20.74652,82456
20.75585,82533
20.7652,80072
20.77453,78720
20.78387,75942
20.79322,78996
20.80255,85308
20.81188,90293
20.82123,88132
20.83057,81930
20.8399,75988
20.84925,71057
20.85858,71563
20.86792,68323
20.87727,66571
20.8866,70323
20.89595,73481
20.90528,78374
20.91462,83681
20.92397,84055
20.9333,75907
20.94263,71847
20.95198,71916
20.96132,68210
20.97065,69325
20.98,67639
20.98933,67717
20.99867,68420
21.00802,71260
21.01735,70591
21.02668,71416
21.03603,72352
21.04537,70073
21.0547,74503
21.06405,72877
21.07338,72861
21.08273,72166
21.09207,74352
21.1014,71928
21.11075,76038
21.12008,80723
21.12942,83880
21.13877,85093
21.1481,86875
21.15743,83585
21.16678,82155
21.17612,85983
21.18545,94164
21.1948,105626
21.20413,103447
21.21347,90990
21.22282,78805
21.23215,77356
21.24148,74679
21.25083,73304
21.26017,71955
21.26952,80527
21.27885,97314
21.28818,121071
21.29753,142112
21.30687,141238
21.3162,115341
21.32555,93224
21.33488,78569
21.34422,74791
21.35357,73783
21.3629,77428
21.37223,76403
21.38158,74809
21.39092,78302
21.40025,79953
21.4096,84283
21.41893,84356
21.42827,87179
21.43762,86630
21.44695,83495
21.4563,81708
21.46563,78362
21.47497,77147
21.48432,80735
21.49365,86920
21.50298,87155
21.51233,86054
21.52167,82616
21.531,81953
21.54035,77985
21.54968,79404
21.55902,83669
21.56837,96320
21.5777,125307
21.58703,139313
21.59638,129639
21.60572,104446
21.61507,89777
21.6244,88291
21.63373,87368
21.64308,86683
21.65242,85127
21.66175,79345
21.6711,78619
21.68043,84945
21.68977,97851
21.69912,105531
21.70845,104302
21.71778,101311
21.72713,100892
21.73647,102954
21.7458,97491
21.75515,87252
21.76448,79406
21.77382,76424
21.78317,76421
21.7925,75597
21.80185,80350
21.81118,86342
21.82052,96444
21.82987,100079
21.8392,97100
21.84853,93690
21.85788,85456
21.86722,81604
21.87655,83006
21.8859,91333
21.89523,101262
21.90457,107542
21.91392,102606
21.92325,91506
21.93258,84945
21.94193,79388
21.95127,80973
21.9606,85067
21.96995,90345
21.97928,104084
21.98863,121192
21.99797,137554
22.0073,144138
22.01665,124153
22.02598,101591
22.03532,91724
22.04467,95798
22.054,101646
22.06333,109573
22.07268,105493
22.08202,102511
22.09135,100756
22.1007,96003
22.11003,92845
22.11937,91964
22.12872,87418
22.13805,83973
22.14738,83677
22.15673,89619
22.16607,108839
22.17542,135123
22.18475,139591
22.19408,131645
22.20343,104038
22.21277,94760
22.2221,96936
22.23145,102716
22.24078,108830
22.25012,105601
22.25947,100456
22.2688,94526
22.27813,110219
22.28748,133271
22.29682,152235
22.30615,157637
22.3155,142320
22.32483,116475
22.33417,103082
22.34352,94490
22.35285,102538
22.3622,115521
22.37153,125338
22.38087,128915
22.39022,130296
22.39955,128951
22.40888,111589
22.41823,101696
22.42757,101894
22.4369,108982
22.44625,121810
22.45558,122937
22.46492,112621
22.47427,111227
22.4836,105710
22.49293,99729
22.50228,101495
22.51162,100733
22.52097,100858
22.5303,106176
22.53963,103965
22.54898,100825
22.55832,102724
22.56765,106892
22.577,121323
22.58633,135325
22.59567,140113
22.60502,140792
22.61435,138554
22.62368,135448
22.63303,135941
22.64237,138641
22.6517,130066
22.66105,129317
22.67038,127707
22.67972,128893
22.68907,144061
22.6984,170280
22.70775,175457
22.71708,167494
22.72642,155615
22.73577,154439
22.7451,166594
22.75443,166278
22.76378,160998
22.77312,152720
22.78245,147515
22.7918,140868
22.80113,137422
22.81047,151136
22.81982,157613
22.82915,145759
22.83848,134315
22.84783,128225
22.85717,123020
22.8665,122456
22.87585,120021
22.88518,118954
22.89453,125999
22.90387,118831
22.9132,117893
22.92255,122731
22.93188,123749
22.94122,126236
22.95057,119842
22.9599,113541
22.96923,114023
22.97858,114644
22.98792,107202
22.99725,99865
23.0066,98576
23.01593,96235
23.02527,92461
23.03462,93003
23.04395,93696
23.05328,94760
23.06263,97568
23.07197,98807
23.08132,97813
23.09065,96911
23.09998,93331
23.10933,92968
23.11867,88380
23.128,89878
23.13735,91540
23.14668,94333
23.15602,94694
23.16537,96072
23.1747,93940
23.18403,94481
23.19338,96066
23.20272,94475
23.21205,92002
23.2214,93531
23.23073,91328
23.24008,93643
23.24942,101398
23.25875,110099
23.2681,117854
23.27743,114946
23.28677,104643
23.29612,100321
23.30545,95998
23.31478,93917
23.32413,97340
23.33347,119837
23.3428,151145
23.35215,169802
23.36148,142391
23.37082,113175
23.38017,95547
23.3895,95737
23.39883,98126
23.40818,105951
23.41752,101517
23.42687,100578
23.4362,94835
23.44553,98153
23.45488,100679
23.46422,99082
23.47355,101806
23.4829,103002
23.49223,100119
23.50157,93235
23.51092,93917
23.52025,94593
23.52958,95056
23.53893,99329
23.54827,97760
23.5576,92838
23.56695,94334
23.57628,96819
23.58562,96695
23.59497,105462
23.6043,101087
23.61365,100782
23.62298,96793
23.63232,92810
23.64167,89550
23.651,91166
23.66033,92425
23.66968,90639
23.67902,92178
23.68835,95359
23.6977,100278
23.70703,104598
23.71637,101102
23.72572,108132
23.73505,117330
23.74438,122989
23.75373,118242
23.76307,105722
23.7724,95077
23.78175,92834
23.79108,91525
23.80043,89927
23.80977,92365
23.8191,91190
23.82845,89820
23.83778,91057
23.84712,92533
23.85647,91054
23.8658,93282
23.87513,92607
23.88448,94234
23.89382,96413
23.90315,97799
23.9125,100250
23.92183,95556
23.93117,95722
23.94052,93938
23.94985,92779
23.95918,96740
23.96853,94838
23.97787,93188
23.98722,93421
23.99655,91191
24.00588,93227
24.01523,95907
24.02457,98190
24.0339,95414
24.04325,91623
24.05258,93533
24.06192,88664
24.07127,91460
24.0806,94442
24.08993,93209
24.09928,95958
24.10862,99016
24.11795,97120
24.1273,97723
24.13663,93176
24.14597,93748
24.15532,96345
24.16465,98533
24.174,98565
24.18333,98779
24.19267,99145
24.20202,96344
24.21135,93998
24.22068,94407
24.23003,95668
24.23937,97693
24.2487,100230
24.25805,98397
24.26738,98484
24.27672,103025
24.28607,98397
24.2954,98242
24.30473,100975
24.31408,106971
24.32342,117500
24.33277,127317
24.3421,123756
24.35143,119004
24.36078,104670
24.37012,102303
24.37945,103003
24.3888,105435
24.39813,107343
24.40747,105821
24.41682,105455
24.42615,107484
24.43548,102367
24.44483,104175
24.45417,99568
24.4635,100322
24.47285,101395
24.48218,100661
24.49152,103433
24.50087,103861
24.5102,101001
24.51955,100288
24.52888,98379
24.53822,101592
24.54757,107158
24.5569,108781
24.56623,111772
24.57558,111783
24.58492,105144
24.59425,104794
24.6036,104813
24.61293,108368
24.62227,113572
24.63162,119548
24.64095,114578
24.65028,110138
24.65963,109397
24.66897,112051
24.6783,118236
24.68765,120297
24.69698,117065
24.70633,115407
24.71567,112287
24.725,115611
24.73435,116030
24.74368,107858
24.75302,108965
24.76237,106692
24.7717,105860
24.78103,104982
24.79038,105058
24.79972,105520
24.80905,106308
24.8184,105691
24.82773,107763
24.83707,107824
24.84642,105159
24.85575,107905
24.86508,110705
24.87443,110621
24.88377,111684
24.89312,114351
24.90245,116473
24.91178,113786
24.92113,115295
24.93047,113930
24.9398,110362
24.94915,111728
24.95848,120208
24.96782,124468
24.97717,124720
24.9865,121382
24.99583,122240
25.00518,123610
25.01452,125142
25.02385,117938
25.0332,115317
25.04253,109901
25.05188,113213
25.06122,115102
25.07055,111242
25.0799,116987
25.08923,117065
25.09857,113380
25.10792,117911
25.11725,113454
25.12658,114460
25.13593,116151
25.14527,122566
25.1546,127383
25.16395,130845
25.17328,126078
25.18262,121709
25.19197,121653
25.2013,118737
25.21063,121698
25.21998,121729
25.22932,120544
25.23867,118448
25.248,118760
25.25733,119289
25.26668,120488
25.27602,123310
25.28535,121261
25.2947,120735
25.30403,118214
25.31337,121389
25.32272,127413
25.33205,140703
25.34138,170265
25.35073,176910
25.36007,165782
25.3694,155557
25.37875,142082
25.38808,135945
25.39742,138080
25.40677,132859
25.4161,134221
25.42545,135036
25.43478,134586
25.44412,132092
25.45347,130144
25.4628,132165
25.47213,136140
25.48148,142931
25.49082,165203
25.50015,173616
25.5095,171262
25.51883,160998
25.52817,158024
25.53752,148607
25.54685,145735
25.55618,145631
25.56553,139424
25.57487,140546
25.5842,143017
25.59355,135990
25.60288,139342
25.61223,137765
25.62157,137139
25.6309,140796
25.64025,139886
25.64958,146888
25.65892,150187
25.66827,160031
25.6776,155707
25.68693,152075
25.69628,147945
25.70562,143331
25.71495,142934
25.7243,142259
25.73363,142902
25.74297,151818
25.75232,151551
25.76165,153043
25.77098,151205
25.78033,150717
25.78967,149963
25.79902,145924
25.80835,154248
25.81768,158581
25.82703,155404
25.83637,160322
25.8457,167331
25.85505,166626
25.86438,162187
25.87372,160077
25.88307,161910
25.8924,155445
25.90173,154854
25.91108,155902
25.92042,155104
25.92975,154300
25.9391,157714
25.94843,161896
25.95778,167828
25.96712,171712
25.97645,167193
25.9858,164050
25.99513,161423
26.00447,156178
26.01382,160435
26.02315,161550
26.03248,163414
26.04183,168608
26.05117,171971
26.0605,175026
26.06985,173639
26.07918,171742
26.08852,170473
26.09787,168358
26.1072,167386
26.11653,163203
26.12588,167310
26.13522,167941
26.14457,172801
26.1539,175984
26.16323,185651
26.17258,181032
26.18192,179391
26.19125,177911
26.2006,173996
26.20993,164162
26.21927,165531
26.22862,166172
26.23795,169487
26.24728,168237
26.25663,169809
26.26597,167132
26.2753,169923
26.28465,169741
26.29398,171424
26.30332,172235
26.31267,175899
26.322,174064
26.33135,178751
26.34068,177716
26.35002,182189
26.35937,176499
26.3687,177660
26.37803,178806
26.38738,178940
26.39672,180217
26.40605,179591
26.4154,180885
26.42473,179283
26.43407,182619
26.44342,188120
26.45275,192542
26.46208,198070
26.47143,206680
26.48077,199023
26.4901,202118
26.49945,204962
26.50878,205863
26.51813,203995
26.52747,209278
26.5368,211563
26.54615,223824
26.55548,224194
26.56482,220475
26.57417,219423
26.5835,222776
26.59283,222360
26.60218,224490
26.61152,228575
26.62085,229450
26.6302,233629
26.63953,227853
26.64887,225123
26.65822,225512
26.66755,236120
26.6769,240182
26.68623,248120
26.69557,246767
26.70492,242701
26.71425,246366
26.72358,249235
26.73293,256741
26.74227,260288
26.7516,269893
26.76095,270211
26.77028,286319
26.77962,298350
26.78897,308497
26.7983,311281
26.80763,311116
26.81698,313786
26.82632,307479
26.83565,303044
26.845,303589
26.85433,300936
26.86368,308050
26.87302,314077
26.88235,302247
26.8917,301927
26.90103,292022
26.91037,289790
26.91972,283385
26.92905,276487
26.93838,270518
26.94773,270915
26.95707,268844
26.9664,265877
26.97575,268322
26.98508,269309
26.99442,275016
27.00377,276648
27.0131,272874
27.02243,282514
27.03178,267482
27.04112,262149
27.05047,263142
27.0598,264768
27.06913,264285
27.07848,262443
27.08782,260909
27.09715,264123
27.1065,260442
27.11583,257571
27.12517,255749
27.13452,266421
27.14385,266410
27.15318,263188
27.16253,267911
27.17187,263210
27.1812,263785
27.19055,255824
27.19988,257246
27.20922,256055
27.21857,253063
27.2279,259127
27.23725,256498
27.24658,254069
27.25592,260805
27.26527,268011
27.2746,268710
27.28393,265650
27.29328,258532
27.30262,261871
27.31195,260165
27.3213,255945
27.33063,264840
27.33997,265205
27.34932,260177
27.35865,260284
27.36798,262216
27.37733,264941
27.38667,268447
27.396,262473
27.40535,269409
27.41468,268599
27.42403,276199
27.43337,276879
27.4427,277867
27.45205,276113
27.46138,282386
27.47072,276972
27.48007,269358
27.4894,276264
27.49873,276275
27.50808,275839
27.51742,280698
27.52675,284045
27.5361,286584
27.54543,288487
27.55477,287593
27.56412,298411
27.57345,304395
27.58278,306705
27.59213,314097
27.60147,318624
27.61082,330051
27.62015,345058
27.62948,348275
27.63883,358146
27.64817,379903
27.6575,390808
27.66685,409245
27.67618,414172
27.68552,419356
27.69487,413427
27.7042,405336
27.71353,395021
27.72288,395822
27.73222,375435
27.74155,361010
27.7509,352380
27.76023,341762
27.76958,333883
27.77892,331699
27.78825,334230
27.7976,325279
27.80693,322300
27.81627,321522
27.82562,320594
27.83495,320774
27.84428,324870
27.85363,321812
27.86297,327365
27.8723,320016
27.88165,322186
27.89098,325369
27.90032,325584
27.90967,329701
27.919,327594
27.92833,327574
27.93768,326579
27.94702,330718
27.95637,331604
27.9657,329408
27.97503,329980
27.98438,328049
27.99372,325996
28.00305,328752
28.0124,328350
28.02173,330576
28.03107,333842
28.04042,326867
28.04975,328815
28.05908,335297
28.06843,327441
28.07777,337453
28.0871,334044
28.09645,332503
28.10578,332395
28.11512,343329
28.12447,346233
28.1338,352596
28.14315,353087
28.15248,352137
28.16182,352162
28.17117,348640
28.1805,355547
28.18983,351784
28.19918,350854
28.20852,351600
28.21785,360664
28.2272,361602
28.23653,354935
28.24587,362773
28.25522,365369
28.26455,368118
28.27388,359901
28.28323,363537
28.29257,358841
28.3019,362328
28.31125,367611
28.32058,367353
28.32993,362067
28.33927,365032
28.3486,367093
28.35795,365917
28.36728,368070
28.37662,366525
28.38597,374589
28.3953,375034
28.40463,372589
28.41398,379230
28.42332,378226
28.43265,386969
28.442,383923
28.45133,385370
28.46067,382679
28.47002,386073
28.47935,389669
28.4887,389919
28.49803,395533
28.50737,397656
28.51672,394148
28.52605,397262
28.53538,402234
28.54473,397361
28.55407,398428
28.5634,402998
28.57275,410413
28.58208,403427
28.59142,415741
28.60077,420343
28.6101,422974
28.61943,421040
28.62878,424566
28.63812,418129
28.64745,413885
28.6568,417281
28.66613,429785
28.67548,482524
28.68482,554478
28.69415,606717
28.7035,583057
28.71283,518775
28.72217,457163
28.73152,440754
28.74085,435768
28.75018,436100
28.75953,436643
28.76887,437018
28.7782,443396
28.78755,433767
28.79688,436578
28.80622,444350
28.81557,440560
28.8249,442802
28.83423,451157
28.84358,450664
28.85292,446333
28.86227,447911
28.8716,450051
28.88093,454925
28.89028,452648
28.89962,462861
28.90895,466511
28.9183,460177
28.92763,459063
28.93697,464748
28.94632,469043
28.95565,471125
28.96498,474432
28.97433,483646
28.98367,485851
28.993,483034
29.00235,475597
29.01168,484292
29.02102,482311
29.03037,481602
29.0397,488473
29.04905,494744
29.05838,483363
29.06772,484479
29.07707,483424
29.0864,479517
29.09573,476212
29.10508,475197
29.11442,477615
29.12375,480446
29.1331,470720
29.14243,482701
29.15177,477412
29.16112,478332
29.17045,483020
29.17978,482716
29.18913,486918
29.19847,485217
29.2078,499621
29.21715,509135
29.22648,505372
29.23583,490702
29.24517,485043
29.2545,493046
29.26385,495915
29.27318,491604
29.28252,497209
29.29187,501432
29.3012,500049
29.31053,499534
29.31988,501880
29.32922,494080
29.33855,494323
29.3479,492027
29.35723,493365
29.36657,499284
29.37592,499887
29.38525,500445
29.39458,492296
29.40393,493046
29.41327,501978
29.42262,490729
29.43195,493089
29.44128,491017
29.45063,492946
29.45997,500226
29.4693,514178
29.47865,511872
29.48798,511769
29.49732,508073
29.50667,499279
29.516,493617
29.52533,496436
29.53468,499824
29.54402,491303
29.55335,494465
29.5627,499686
29.57203,493738
29.58138,486068
29.59072,489855
29.60005,492414
29.6094,497260
29.61873,493266
29.62807,492915
29.63742,495909
29.64675,492221
29.65608,494999
29.66543,492668
29.67477,495124
29.6841,496462
29.69345,490573
29.70278,489169
29.71212,496946
29.72147,496662
29.7308,492745
29.74013,495825
29.74948,503516
29.75882,495434
29.76817,490550
29.7775,499098
29.78683,490117
29.79618,492540
29.80552,492574
29.81485,490668
29.8242,487265
29.83353,494618
29.84287,491768
29.85222,490693
29.86155,488992
29.87088,485922
29.88023,487466
29.88957,496335
29.8989,494576
29.90825,499887
29.91758,497844
29.92692,488557
29.93627,498258
29.9456,495667
29.95495,498926
29.96428,495622
29.97362,497432
29.98297,501571
29.9923,507529
30.00163,504667
30.01098,500109
30.02032,502759
30.02965,500327
30.039,495505
30.04833,490301
30.05767,492148
30.06702,494912
30.07635,494734
30.08568,499630
30.09503,499634
30.10437,492111
30.1137,487701
30.12305,491434
30.13238,488088
30.14173,492890
30.15107,493715
30.1604,496101
30.16975,495664
30.17908,497565
30.18842,503136
30.19777,495249
30.2071,497301
30.21643,491178
30.22578,499980
30.23512,500523
30.24445,506904
30.2538,499312
30.26313,498614
30.27247,501764
30.28182,492593
30.29115,500845
30.3005,503810
30.30983,507899
30.31917,508527
30.32852,503227
30.33785,496135
30.34718,509509
30.35653,505393
30.36587,506678
30.3752,509621
30.38455,518209
30.39388,525404
30.40322,538860
30.41257,564231
30.4219,574867
30.43123,556949
30.44058,542276
30.44992,531556
30.45925,537095
30.4686,535152
30.47793,547930
30.48728,549066
30.49662,549564
30.50595,556695
30.5153,562070
30.52463,561645
30.53397,559117
30.54332,552258
30.55265,553246
30.56198,551109
30.57133,546584
30.58067,549452
30.59,554308
30.59935,549379
30.60868,555013
30.61802,557806
30.62737,558245
30.6367,556701
30.64603,573174
30.65538,570633
30.66472,581325
30.67407,575791
30.6834,578393
30.69273,572649
30.70208,568558
30.71142,556070
30.72075,557009
30.7301,552859
30.73943,537239
30.74877,530650
30.75812,535859
30.76745,539155
30.77678,533607
30.78613,534523
30.79547,536236
30.8048,539510
30.81415,539075
30.82348,541415
30.83282,542934
30.84217,543886
30.8515,533777
30.86085,536258
30.87018,534972
30.87952,537084
30.88887,531764
30.8982,536492
30.90753,531670
30.91688,537185
30.92622,539389
30.93555,539388
30.9449,538498
30.95423,539030
30.96357,541514
30.97292,539528
30.98225,541027
30.99158,546184
31.00093,537779
31.01027,541474
31.0196,536956
31.02895,539668
31.03828,542142
31.04763,538964
31.05697,538064
31.0663,536378
31.07565,530627
31.08498,536160
31.09432,538417
31.10367,534535
31.113,534241
31.12233,542115
31.13168,535977
31.14102,533540
31.15035,538630
31.1597,536704
31.16903,541574
31.17837,533476
31.18772,531227
31.19705,537086
31.2064,536290
31.21573,530619
31.22507,525517
31.23442,525812
31.24375,527909
31.25308,532049
31.26243,529331
31.27177,523813
31.2811,527842
31.29045,525579
31.29978,525260
31.30912,521989
31.31847,524388
31.3278,526197
31.33713,519710
31.34648,521010
31.35582,528944
31.36515,520197
