D:\Êý¾Ý\20211118\ZS1E-Z-000020.D Fri Nov 19 01:43:17 2021,
Start of data points,
0.0975,43079
0.10683,42114
0.11618,43760
0.12552,42536
0.13485,43532
0.1442,41612
0.15353,42482
0.16288,41427
0.17222,41453
0.18155,42083
0.1909,41224
0.20023,39997
0.20957,38289
0.21892,43234
0.22825,40277
0.23758,39269
0.24693,38747
0.25627,39093
0.2656,39858
0.27495,38455
0.28428,39091
0.29362,38266
0.30297,39082
0.3123,40800
0.32163,36859
0.33098,38491
0.34032,40037
0.34967,38086
0.359,37792
0.36833,37537
0.37768,39570
0.38702,36921
0.39635,36963
0.4057,37157
0.41503,38491
0.42437,36213
0.43372,35624
0.44305,32709
0.45238,27201
0.46173,24701
0.47107,18003
0.4804,14037
0.48975,14226
0.49908,14214
0.50842,13792
0.51777,12873
0.5271,13241
0.53645,14063
0.54578,11739
0.55512,13116
0.56447,13389
0.5738,13045
0.58313,12989
0.59248,12701
0.60182,11373
0.61115,11602
0.6205,12804
0.62983,12289
0.63917,13276
0.64852,11335
0.65785,11902
0.66718,11500
0.67653,11703
0.68587,11298
0.6952,12559
0.70455,12173
0.71388,11523
0.72323,12027
0.73257,10860
0.7419,11350
0.75125,10779
0.76058,10579
0.76992,10279
0.77927,11408
0.7886,11413
0.79793,10980
0.80728,10788
0.81662,12031
0.82595,12618
0.8353,11551
0.84463,10533
0.85397,10799
0.86332,10688
0.87265,10614
0.882,11261
0.89133,11419
0.90067,11762
0.91002,10556
0.91935,10788
0.92868,10578
0.93803,10145
0.94737,10310
0.9567,11417
0.96605,9669
0.97538,9745
0.98472,9783
0.99407,10246
1.0034,11605
1.01273,10645
1.02208,10365
1.03142,8481
1.04075,10881
1.0501,11532
1.05943,11085
1.06878,10421
1.07812,10322
1.08745,9460
1.0968,9377
1.10613,9781
1.11547,9509
1.12482,10697
1.13415,11083
1.14348,9565
1.15283,8227
1.16217,8548
1.1715,10136
1.18085,10714
1.19018,11000
1.19952,9452
1.20887,10722
1.2182,9033
1.22753,9970
1.23688,10714
1.24622,9604
1.25557,10035
1.2649,9827
1.27423,10127
1.28358,10152
1.29292,9371
1.30225,10881
1.3116,9503
1.32093,9517
1.33027,9739
1.33962,10282
1.34895,10269
1.35828,9695
1.36763,9744
1.37697,9116
1.3863,9841
1.39565,8199
1.40498,9318
1.41432,8837
1.42367,9002
1.433,8570
1.44235,9359
1.45168,9233
1.46102,7828
1.47037,8907
1.4797,9439
1.48903,9410
1.49838,9286
1.50772,8890
1.51705,8851
1.5264,8081
1.53573,8658
1.54507,9342
1.55442,9426
1.56375,8314
1.57308,9775
1.58243,10581
1.59177,9102
1.6011,11504
1.61045,19287
1.61978,28678
1.62913,32382
1.63847,37462
1.6478,45292
1.65715,52448
1.66648,57438
1.67582,56881
1.68517,49790
1.6945,46648
1.70383,37251
1.71318,30046
1.72252,27969
1.73185,28505
1.7412,30799
1.75053,34898
1.75987,37661
1.76922,42904
1.77855,45063
1.78788,45043
1.79723,45430
1.80657,44166
1.81592,46132
1.82525,44459
1.83458,45261
1.84393,42397
1.85327,43374
1.8626,43455
1.87195,51648
1.88128,77234
1.89062,130888
1.89997,195352
1.9093,232514
1.91863,281223
1.92798,458107
1.93732,906040
1.94665,1586667
1.956,2122072
1.96533,2163593
1.97468,1836560
1.98402,1420670
1.99335,1106134
2.0027,914647
2.01203,836133
2.02137,772536
2.03072,666356
2.04005,506261
2.04938,354320
2.05873,267573
2.06807,201693
2.0774,155491
2.08675,131916
2.09608,127474
2.10542,136205
2.11477,118670
2.1241,111459
2.13343,128290
2.14278,191383
2.15212,209530
2.16147,173476
2.1708,143926
2.18013,132805
2.18948,150191
2.19882,178756
2.20815,161909
2.2175,126294
2.22683,119605
2.23617,149135
2.24552,250720
2.25485,1132226
2.26418,2950248
2.27353,3101316
2.28287,2218722
2.2922,1347678
2.30155,883113
2.31088,1849105
2.32022,6182348
2.32957,8839168
2.3389,6184523
2.34825,2897254
2.35758,1241849
2.36692,583608
2.37627,336967
2.3856,242948
2.39493,210176
2.40428,182756
2.41362,165985
2.42295,155038
2.4323,143224
2.44163,134692
2.45097,117290
2.46032,106869
2.46965,121968
2.47898,151382
2.48833,150344
2.49767,125749
2.507,109093
2.51635,98087
2.52568,91010
2.53503,85567
2.54437,86125
2.5537,93451
2.56305,116690
2.57238,187317
2.58172,269538
2.59107,235209
2.6004,184546
2.60973,146531
2.61908,132011
2.62842,150895
2.63775,187020
2.6471,187152
2.65643,185764
2.66577,170177
2.67512,139244
2.68445,107816
2.6938,90001
2.70313,78057
2.71247,82567
2.72182,100558
2.73115,139484
2.74048,187082
2.74983,230353
2.75917,276208
2.7685,305280
2.77785,325855
2.78718,330913
2.79652,347663
2.80587,316765
2.8152,252906
2.82453,210012
2.83388,176747
2.84322,152832
2.85255,130207
2.8619,129875
2.87123,165895
2.88058,212345
2.88992,199320
2.89925,152803
2.9086,121890
2.91793,108163
2.92727,100201
2.93662,95814
2.94595,88298
2.95528,78882
2.96463,78224
2.97397,73631
2.9833,75770
2.99265,75119
3.00198,95748
3.01132,148745
3.02067,194085
3.03,164576
3.03933,147309
3.04868,156918
3.05802,150350
3.06737,131067
3.0767,136665
3.08603,130110
3.09538,115204
3.10472,90646
3.11405,75925
3.1234,69700
3.13273,68762
3.14207,67668
3.15142,71639
3.16075,78141
3.17008,81492
3.17943,82314
3.18877,77602
3.1981,74545
3.20745,77952
3.21678,78843
3.22612,76327
3.23547,71500
3.2448,65467
3.25415,63473
3.26348,65913
3.27282,66322
3.28217,62911
3.2915,65796
3.30083,66530
3.31018,70550
3.31952,73689
3.32885,69880
3.3382,68324
3.34753,69707
3.35687,68171
3.36622,67331
3.37555,65918
3.38488,62537
3.39423,59061
3.40357,58778
3.4129,62508
3.42225,70826
3.43158,74275
3.44093,78151
3.45027,90758
3.4596,98829
3.46895,94004
3.47828,88046
3.48762,77009
3.49697,72591
3.5063,69551
3.51563,65339
3.52498,68911
3.53432,64372
3.54365,65368
3.553,75771
3.56233,154628
3.57167,355353
3.58102,533845
3.59035,480539
3.5997,305632
3.60903,179825
3.61837,135382
3.62772,125403
3.63705,110749
3.64638,100971
3.65573,92098
3.66507,84686
3.6744,87972
3.68375,92100
3.69308,93677
3.70242,83190
3.71177,74579
3.7211,75144
3.73043,85322
3.73978,99117
3.74912,97458
3.75845,84001
3.7678,74838
3.77713,72083
3.78648,80243
3.79582,85132
3.80515,84457
3.8145,103767
3.82383,201384
3.83317,318562
3.84252,315113
3.85185,216007
3.86118,129984
3.87053,95054
3.87987,81845
3.8892,79607
3.89855,76654
3.90788,84404
3.91722,91598
3.92657,93087
3.9359,94398
3.94523,109457
3.95458,139150
3.96392,160327
3.97327,138595
3.9826,107721
3.99193,83499
4.00128,74905
4.01062,69336
4.01995,88794
4.0293,94754
4.03863,98471
4.04797,112809
4.05732,143718
4.06665,145694
4.07598,140815
4.08533,139960
4.09467,152677
4.104,151006
4.11335,131649
4.12268,108233
4.13202,90326
4.14137,79895
4.1507,76487
4.16005,79509
4.16938,76367
4.17872,71891
4.18807,67883
4.1974,66571
4.20673,69309
4.21608,71658
4.22542,70582
4.23475,70785
4.2441,68807
4.25343,68275
4.26277,66174
4.27212,82835
4.28145,104160
4.29078,103738
4.30013,98953
4.30947,90129
4.31882,81744
4.32815,82247
4.33748,86174
4.34683,86699
4.35617,79726
4.3655,72381
4.37485,66455
4.38418,63724
4.39352,70829
4.40287,66783
4.4122,66699
4.42153,62368
4.43088,59560
4.44022,59714
4.44955,58619
4.4589,57158
4.46823,61763
4.47757,70951
4.48692,80277
4.49625,90062
4.5056,87149
4.51493,76822
4.52427,70259
4.53362,67604
4.54295,72221
4.55228,74523
4.56163,72029
4.57097,70975
4.5803,65349
4.58965,66865
4.59898,65047
4.60832,64947
4.61767,61489
4.627,59200
4.63633,59206
4.64568,63760
4.65502,72594
4.66435,77329
4.6737,75053
4.68303,70688
4.69238,70517
4.70172,76988
4.71105,83365
4.7204,80219
4.72973,70928
4.73907,65329
4.74842,69235
4.75775,71586
4.76708,68396
4.77643,66334
4.78577,68278
4.7951,63404
4.80445,64129
4.81378,62754
4.82312,63583
4.83247,63746
4.8418,68361
4.85113,65519
4.86048,72151
4.86982,74419
4.87917,94473
4.8885,108790
4.89783,106335
4.90718,94338
4.91652,82698
4.92585,76075
4.9352,69828
4.94453,66530
4.95387,65934
4.96322,63697
4.97255,61029
4.98188,59679
4.99123,57721
5.00057,60976
5.0099,64307
5.01925,66145
5.02858,69232
5.03792,68930
5.04727,69928
5.0566,69604
5.06595,63609
5.07528,64097
5.08462,65082
5.09397,70261
5.1033,68348
5.11263,64486
5.12198,62747
5.13132,61135
5.14065,62360
5.15,67438
5.15933,79925
5.16867,89634
5.17802,78301
5.18735,78286
5.19668,80757
5.20603,84002
5.21537,79336
5.2247,70523
5.23405,66573
5.24338,67844
5.25273,70696
5.26207,67591
5.2714,74432
5.28075,131024
5.29008,292012
5.29942,451380
5.30877,427529
5.3181,280817
5.32743,162372
5.33678,116536
5.34612,99339
5.35545,79218
5.3648,69485
5.37413,65293
5.38347,63957
5.39282,74419
5.40215,85801
5.4115,87581
5.42083,78492
5.43017,73086
5.43952,65637
5.44885,59898
5.45818,56044
5.46753,56502
5.47687,58416
5.4862,58140
5.49555,58251
5.50488,58301
5.51422,63738
5.52357,71033
5.5329,90646
5.54223,113201
5.55158,114754
5.56092,95199
5.57025,79740
5.5796,68900
5.58893,62966
5.59828,62073
5.60762,62191
5.61695,60368
5.6263,58143
5.63563,56276
5.64497,57460
5.65432,59869
5.66365,66076
5.67298,76484
5.68233,89164
5.69167,88233
5.701,75968
5.71035,70724
5.71968,72103
5.72902,70698
5.73837,67849
5.7477,73011
5.75703,92648
5.76638,104297
5.77572,116060
5.78507,110151
5.7944,86416
5.80373,70761
5.81308,61550
5.82242,59350
5.83175,73633
5.8411,93147
5.85043,94946
5.85977,83004
5.86912,70811
5.87845,66798
5.88778,57238
5.89713,52515
5.90647,54457
5.9158,75117
5.92515,127831
5.93448,190029
5.94382,181762
5.95317,144855
5.9625,122870
5.97185,106095
5.98118,83424
5.99052,68585
5.99987,61621
6.0092,55699
6.01853,50307
6.02788,47249
6.03722,44304
6.04655,40080
6.0559,39979
6.06523,38559
6.07457,42361
6.08392,42533
6.09325,37060
6.10258,35293
6.11193,36088
6.12127,37768
6.13062,40499
6.13995,46991
6.14928,46778
6.15863,42233
6.16797,34205
6.1773,33463
6.18665,33355
6.19598,33867
6.20532,32349
6.21467,32732
6.224,37696
6.23333,51593
6.24268,65007
6.25202,57732
6.26135,45876
6.2707,41633
6.28003,49107
6.28937,58597
6.29872,50968
6.30805,39697
6.3174,32089
6.32673,28144
6.33607,28261
6.34542,26910
6.35475,27938
6.36408,27991
6.37343,30522
6.38277,35914
6.3921,62396
6.40145,188391
6.41078,720730
6.42012,1688262
6.42947,1994967
6.4388,1275087
6.44813,506731
6.45748,160443
6.46682,67826
6.47615,49106
6.4855,40567
6.49483,36838
6.50418,33819
6.51352,31490
6.52285,33408
6.5322,33723
6.54153,31480
6.55087,30593
6.56022,29651
6.56955,30051
6.57888,30418
6.58823,31840
6.59757,35163
6.6069,39245
6.61625,40189
6.62558,38530
6.63492,37282
6.64427,37864
6.6536,39222
6.66293,40648
6.67228,42080
6.68162,38764
6.69097,35766
6.7003,43519
6.70963,52928
6.71898,50973
6.72832,45913
6.73765,38339
6.747,34002
6.75633,31339
6.76567,31460
6.77502,30824
6.78435,34608
6.79368,38550
6.80303,45304
6.81237,46932
6.8217,42689
6.83105,37172
6.84038,33947
6.84972,36520
6.85907,40475
6.8684,39124
6.87775,33940
6.88708,32526
6.89642,31743
6.90577,33038
6.9151,36050
6.92443,35277
6.93378,35182
6.94312,31728
6.95245,31795
6.9618,34663
6.97113,34824
6.98047,35873
6.98982,34997
6.99915,31831
7.00848,32354
7.01783,30168
7.02717,29995
7.03652,29003
7.04585,27207
7.05518,25903
7.06453,25123
7.07387,25759
7.0832,25890
7.09255,28380
7.10188,33124
7.11122,38228
7.12057,40499
7.1299,36233
7.13923,34919
7.14858,32517
7.15792,27671
7.16725,26126
7.1766,26867
7.18593,27507
7.19527,26832
7.20462,29038
7.21395,31101
7.2233,30995
7.23263,39864
7.24197,60008
7.25132,87926
7.26065,85535
7.26998,59695
7.27933,45645
7.28867,42334
7.298,40052
7.30735,38900
7.31668,37130
7.32602,39489
7.33537,35558
7.3447,33222
7.35403,29553
7.36338,27589
7.37272,28430
7.38205,26131
7.3914,32733
7.40073,55756
7.41008,100284
7.41942,146683
7.42875,143731
7.4381,103730
7.44743,67961
7.45677,40356
7.46612,32449
7.47545,29405
7.48478,32888
7.49413,36838
7.50347,36864
7.5128,33586
7.52215,27357
7.53148,26295
7.54082,26470
7.55017,28416
7.5595,27309
7.56883,30282
7.57818,33215
7.58752,35949
7.59687,38499
7.6062,39693
7.61553,42368
7.62488,41121
7.63422,40856
7.64355,36471
7.6529,35497
7.66223,31983
7.67157,33930
7.68092,37728
7.69025,36824
7.69958,36266
7.70893,34770
7.71827,37683
7.7276,37993
7.73695,35506
7.74628,36958
7.75563,45405
7.76497,51220
7.7743,45976
7.78365,41359
7.79298,39865
7.80232,39541
7.81167,35938
7.821,32812
7.83033,31265
7.83968,31091
7.84902,31493
7.85835,44779
7.8677,75891
7.87703,112394
7.88637,121493
7.89572,91910
7.90505,57308
7.91438,50409
7.92373,66805
7.93307,84494
7.94242,73906
7.95175,58111
7.96108,63920
7.97043,73814
7.97977,85695
7.9891,109441
7.99845,130317
8.00778,114696
8.01712,78549
8.02647,58184
8.0358,53221
8.04513,53556
8.05448,60177
8.06382,60189
8.07315,47807
8.0825,41825
8.09183,49698
8.10117,69423
8.11052,80274
8.11985,72004
8.1292,56423
8.13853,46963
8.14787,42537
8.15722,40417
8.16655,38526
8.17588,38714
8.18523,40598
8.19457,36560
8.2039,35996
8.21325,35447
8.22258,35375
8.23192,34262
8.24127,40320
8.2506,41762
8.25993,41574
8.26928,43313
8.27862,37424
8.28795,34381
8.2973,33471
8.30663,34555
8.31598,36629
8.32532,36886
8.33465,34741
8.344,36356
8.35333,34470
8.36267,33880
8.37202,31070
8.38135,35097
8.39068,43812
8.40003,48428
8.40937,46945
8.4187,48244
8.42805,46312
8.43738,45725
8.44672,44891
8.45607,41456
8.4654,39036
8.47473,39782
8.48408,40449
8.49342,39028
8.50277,36391
8.5121,35789
8.52143,35030
8.53078,35247
8.54012,35275
8.54945,37320
8.5588,38822
8.56813,48407
8.57747,52773
8.58682,50126
8.59615,47195
8.60548,42904
8.61483,46670
8.62417,41683
8.6335,41264
8.64285,38384
8.65218,35642
8.66152,35287
8.67087,36074
8.6802,39519
8.68955,38024
8.69888,37891
8.70822,38554
8.71757,39319
8.7269,34784
8.73623,33803
8.74558,38651
8.75492,52680
8.76425,66574
8.7736,63727
8.78293,48942
8.79227,40268
8.80162,43539
8.81095,49407
8.82028,59365
8.82963,60081
8.83897,48442
8.84832,38206
8.85765,37402
8.86698,40784
8.87633,44172
8.88567,49954
8.895,50949
8.90435,46367
8.91368,42755
8.92302,41930
8.93237,41724
8.9417,43206
8.95103,43199
8.96038,37963
8.96972,36914
8.97905,44707
8.9884,44783
8.99773,43843
9.00707,46034
9.01642,49737
9.02575,46315
9.0351,42158
9.04443,41561
9.05377,43009
9.06312,46383
9.07245,51158
9.08178,58475
9.09113,64813
9.10047,71418
9.1098,65033
9.11915,52378
9.12848,44281
9.13782,42313
9.14717,45510
9.1565,45923
9.16583,38446
9.17518,37518
9.18452,38904
9.19385,39083
9.2032,39189
9.21253,47187
9.22188,73860
9.23122,133711
9.24055,188980
9.2499,173803
9.25923,122994
9.26857,78631
9.27792,58162
9.28725,50408
9.29658,48723
9.30593,50585
9.31527,52016
9.3246,61472
9.33395,79370
9.34328,93700
9.35262,84556
9.36197,85573
9.3713,159350
9.38063,279392
9.38998,320336
9.39932,233789
9.40867,137555
9.418,83918
9.42733,67399
9.43668,65700
9.44602,58130
9.45535,49673
9.4647,42908
9.47403,40682
9.48337,38248
9.49272,39365
9.50205,47535
9.51138,50675
9.52073,49987
9.53007,48256
9.5394,50541
9.54875,51401
9.55808,62749
9.56743,86295
9.57677,106448
9.5861,96804
9.59545,73016
9.60478,69021
9.61412,75058
9.62347,69674
9.6328,58724
9.64213,54414
9.65148,49638
9.66082,45168
9.67015,44230
9.6795,45481
9.68883,44087
9.69817,43970
9.70752,40320
9.71685,40041
9.72618,59988
9.73553,198744
9.74487,601899
9.75422,1099669
9.76355,1072904
9.77288,634105
9.78223,295337
9.79157,158648
9.8009,112358
9.81025,89052
9.81958,79452
9.82892,80121
9.83827,102036
9.8476,126150
9.85693,146810
9.86628,132365
9.87562,101837
9.88495,89032
9.8943,111566
9.90363,131939
9.91297,160901
9.92232,234204
9.93165,301114
9.941,237423
9.95033,139052
9.95967,79356
9.96902,63675
9.97835,84284
9.98768,176328
9.99703,326182
10.00637,367378
10.0157,250343
10.02505,125580
10.03438,75254
10.04372,59286
10.05307,54235
10.0624,54953
10.07173,59348
10.08108,66666
10.09042,71804
10.09975,76072
10.1091,106245
10.11843,411729
10.12778,1633616
10.13712,3613720
10.14645,4050599
10.1558,2637184
10.16513,2432915
10.17447,3899861
10.18382,4055917
10.19315,2169425
10.20248,585987
10.21183,124610
10.22117,68139
10.2305,65642
10.23985,80955
10.24918,108106
10.25852,122140
10.26787,99491
10.2772,74278
10.28653,61109
10.29588,54610
10.30522,54351
10.31457,51871
10.3239,49531
10.33323,47693
10.34258,48294
10.35192,44932
10.36125,44891
10.3706,46482
10.37993,45570
10.38927,42092
10.39862,40206
10.40795,39681
10.41728,39966
10.42663,44363
10.43597,47918
10.4453,50570
10.45465,64314
10.46398,93692
10.47333,124256
10.48267,114108
10.492,77233
10.50135,52605
10.51068,41206
10.52002,40222
10.52937,39606
10.5387,38482
10.54803,39242
10.55738,42243
10.56672,44243
10.57605,46876
10.5854,47269
10.59473,48231
10.60407,50330
10.61342,47656
10.62275,42608
10.63208,48868
10.64143,59047
10.65077,66019
10.66012,53784
10.66945,44830
10.67878,42876
10.68813,45385
10.69747,49159
10.7068,47148
10.71615,45422
10.72548,54213
10.73482,56287
10.74417,48866
10.7535,49993
10.76283,66385
10.77218,98300
10.78152,114601
10.79085,95430
10.8002,83171
10.80953,95341
10.81887,113524
10.82822,98113
10.83755,69358
10.8469,52164
10.85623,43679
10.86557,42526
10.87492,44013
10.88425,54389
10.89358,62196
10.90293,60148
10.91227,55018
10.9216,47403
10.93095,48818
10.94028,53836
10.94962,53955
10.95897,48648
10.9683,45756
10.97763,42144
10.98698,42442
10.99632,40504
11.00565,45501
11.015,52187
11.02433,50015
11.03368,45606
11.04302,39267
11.05235,40040
11.0617,37505
11.07103,37588
11.08037,38903
11.08972,38259
11.09905,39227
11.10838,51196
11.11773,63968
11.12707,74951
11.1364,63818
11.14575,52327
11.15508,51518
11.16442,48170
11.17377,45027
11.1831,43761
11.19245,42241
11.20178,40586
11.21112,39356
11.22047,41537
11.2298,42153
11.23913,42779
11.24848,43650
11.25782,41588
11.26715,45255
11.2765,49419
11.28583,49966
11.29517,43304
11.30452,39757
11.31385,41770
11.32318,41625
11.33253,42580
11.34187,51555
11.3512,71201
11.36055,89890
11.36988,100880
11.37923,91381
11.38857,72313
11.3979,59987
11.40725,58628
11.41658,63701
11.42592,59643
11.43527,49997
11.4446,45258
11.45393,43621
11.46328,46032
11.47262,61907
11.48195,76105
11.4913,75517
11.50063,60534
11.50997,50365
11.51932,44847
11.52865,38401
11.53798,42087
11.54733,40388
11.55667,47986
11.56602,65271
11.57535,122256
11.58468,190681
11.59403,200087
11.60337,156587
11.6127,105591
11.62205,82981
11.63138,78595
11.64072,81984
11.65007,98490
11.6594,122771
11.66873,138206
11.67808,119062
11.68742,90095
11.69675,69950
11.7061,57803
11.71543,56722
11.72477,55247
11.73412,52403
11.74345,48398
11.7528,47918
11.76213,51213
11.77147,54158
11.78082,54023
11.79015,58540
11.79948,64121
11.80883,61031
11.81817,51437
11.8275,47761
11.83685,50034
11.84618,51874
11.85552,54400
11.86487,53077
11.8742,55302
11.88353,59233
11.89288,61791
11.90222,57817
11.91155,54354
11.9209,54979
11.93023,52443
11.93958,53174
11.94892,66855
11.95825,79899
11.9676,73556
11.97693,57171
11.98627,48400
11.99562,47411
12.00495,49552
12.01428,64158
12.02363,88002
12.03297,93396
12.0423,80469
12.05165,65805
12.06098,58674
12.07032,50628
12.07967,49344
12.089,44663
12.09835,45794
12.10768,46923
12.11702,52226
12.12637,52977
12.1357,50531
12.14503,49460
12.15438,51049
12.16372,54097
12.17305,79884
12.1824,142650
12.19173,198506
12.20107,156101
12.21042,89487
12.21975,57718
12.22908,63085
12.23843,80367
12.24777,84145
12.2571,72465
12.26645,64261
12.27578,100131
12.28513,185287
12.29447,238969
12.3038,185679
12.31315,102178
12.32248,62979
12.33182,54671
12.34117,61045
12.3505,70288
12.35983,71520
12.36918,58944
12.37852,51402
12.38785,61411
12.3972,90581
12.40653,132771
12.41587,143253
12.42522,113527
12.43455,86464
12.44388,72677
12.45323,62861
12.46257,63744
12.47192,68274
12.48125,68348
12.49058,69638
12.49993,70522
12.50927,71243
12.5186,72828
12.52795,72941
12.53728,71506
12.54662,73109
12.55597,65351
12.5653,65037
12.57463,75807
12.58398,88771
12.59332,100865
12.60265,100499
12.612,80765
12.62133,68049
12.63067,67668
12.64002,76887
12.64935,82310
12.6587,83161
12.66803,81426
12.67737,77489
12.68672,67393
12.69605,57672
12.70538,54859
12.71473,56213
12.72407,60209
12.7334,66874
12.74275,67308
12.75208,69652
12.76142,77443
12.77077,77089
12.7801,70326
12.78943,56936
12.79878,50903
12.80812,50779
12.81745,52526
12.8268,55115
12.83613,56174
12.84548,59250
12.85482,54326
12.86415,54366
12.8735,57833
12.88283,55292
12.89217,51393
12.90152,56416
12.91085,58949
12.92018,54576
12.92953,49407
12.93887,49769
12.9482,54985
12.95755,62168
12.96688,57882
12.97622,57189
12.98557,50354
12.9949,46136
13.00425,52272
13.01358,50350
13.02292,50052
13.03227,55945
13.0416,70031
13.05093,75056
13.06028,66722
13.06962,76916
13.07895,103227
13.0883,110175
13.09763,88123
13.10697,67044
13.11632,58981
13.12565,58298
13.13498,58613
13.14433,64285
13.15367,69149
13.163,68386
13.17235,72151
13.18168,78771
13.19103,141274
13.20037,610899
13.2097,2480290
13.21905,5673308
13.22838,7017587
13.23772,4613496
13.24707,1661265
13.2564,445470
13.26573,198069
13.27508,138783
13.28442,107307
13.29375,108254
13.3031,110849
13.31243,103878
13.32177,95282
13.33112,99053
13.34045,97346
13.34978,88855
13.35913,87592
13.36847,85683
13.37782,76154
13.38715,70397
13.39648,73320
13.40583,88739
13.41517,97237
13.4245,84265
13.43385,70282
13.44318,71670
13.45252,84082
13.46187,84031
13.4712,74723
13.48053,67565
13.48988,68233
13.49922,64271
13.50855,57967
13.5179,68268
13.52723,106863
13.53657,168905
13.54592,190854
13.55525,135462
13.5646,79227
13.57393,59223
13.58327,52207
13.59262,50225
13.60195,50245
13.61128,50507
13.62063,47704
13.62997,49185
13.6393,51813
13.64865,52494
13.65798,54558
13.66732,54199
13.67667,54808
13.686,52366
13.69533,46607
13.70468,46016
13.71402,49683
13.72335,54230
13.7327,51287
13.74203,45720
13.75138,44393
13.76072,45247
13.77005,49824
13.7794,48276
13.78873,47606
13.79807,48156
13.80742,55319
13.81675,65485
13.82608,62863
13.83543,56216
13.84477,51698
13.8541,47333
13.86345,49967
13.87278,56505
13.88212,62590
13.89147,69661
13.9008,87762
13.91015,150311
13.91948,287953
13.92882,465733
13.93817,445833
13.9475,255586
13.95683,126920
13.96618,88793
13.97552,79939
13.98485,66836
13.9942,58049
14.00353,59672
14.01287,62447
14.02222,57223
14.03155,54415
14.04088,61614
14.05023,133815
14.05957,766331
14.0689,3375815
14.07825,8141787
14.08758,1.13E+07
14.09693,8180095
14.10627,2554248
14.1156,419042
14.12495,94217
14.13428,66572
14.14362,64201
14.15297,68218
14.1623,71206
14.17163,86513
14.18098,93566
14.19032,110559
14.19965,152566
14.209,182907
14.21833,150418
14.22767,89289
14.23702,58903
14.24635,49060
14.25568,47007
14.26503,49504
14.27437,54288
14.28372,61752
14.29305,56632
14.30238,50662
14.31173,49618
14.32107,56333
14.3304,85196
14.33975,112931
14.34908,114577
14.35842,91291
14.36777,68839
14.3771,57865
14.38643,52912
14.39578,51990
14.40512,52781
14.41445,53073
14.4238,47143
14.43313,45605
14.44247,50709
14.45182,66749
14.46115,102702
14.4705,151584
14.47983,173077
14.48917,146380
14.49852,91989
14.50785,61498
14.51718,49255
14.52653,45118
14.53587,45071
14.5452,48198
14.55455,53124
14.56388,58936
14.57322,61273
14.58257,58130
14.5919,53569
14.60123,51933
14.61058,48503
14.61992,48308
14.62927,48984
14.6386,58197
14.64793,82032
14.65728,119919
14.66662,139996
14.67595,124279
14.6853,90466
14.69463,67508
14.70397,54987
14.71332,50141
14.72265,48864
14.73198,49022
14.74133,51871
14.75067,53417
14.76,50794
14.76935,54078
14.77868,59893
14.78802,65017
14.79737,76361
14.8067,87075
14.81605,90303
14.82538,77057
14.83472,60453
14.84407,57308
14.8534,50034
14.86273,50420
14.87208,62423
14.88142,88621
14.89075,99933
14.9001,79321
14.90943,63041
14.91877,54462
14.92812,53639
14.93745,54642
14.94678,55936
14.95613,60887
14.96547,71444
14.9748,85068
14.98415,92891
14.99348,82940
15.00283,69926
15.01217,68463
15.0215,76457
15.03085,75449
15.04018,66720
15.04952,68738
15.05887,73779
15.0682,79691
15.07753,86515
15.08688,87879
15.09622,73822
15.10555,55737
15.1149,52130
15.12423,54598
15.13357,73322
15.14292,91544
15.15225,89942
15.16158,70571
15.17093,56095
15.18027,53566
15.18962,54479
15.19895,65733
15.20828,90002
15.21763,133205
15.22697,187334
15.2363,218036
15.24565,202148
15.25498,158165
15.26432,103102
15.27367,70247
15.283,61679
15.29233,58861
15.30168,58743
15.31102,55455
15.32035,54265
15.3297,56492
15.33903,59707
15.34837,66870
15.35772,69810
15.36705,69367
15.3764,78044
15.38573,83615
15.39507,72600
15.40442,60871
15.41375,53334
15.42308,52809
15.43243,58808
15.44177,63624
15.4511,60777
15.46045,57122
15.46978,52607
15.47912,53571
15.48847,53673
15.4978,54394
15.50713,60589
15.51648,94460
15.52582,145639
15.53515,170504
15.5445,132429
15.55383,83978
15.56318,59453
15.57252,49505
15.58185,45673
15.5912,47908
15.60053,47481
15.60987,54529
15.61922,57749
15.62855,63598
15.63788,75047
15.64723,83273
15.65657,83157
15.6659,88887
15.67525,93949
15.68458,85982
15.69392,68706
15.70327,72580
15.7126,94159
15.72195,107711
15.73128,89384
15.74062,64898
15.74997,62795
15.7593,81964
15.76863,99768
15.77798,96598
15.78732,81048
15.79665,68296
15.806,70080
15.81533,103626
15.82467,209276
15.83402,386284
15.84335,541378
15.85268,536742
15.86203,399318
15.87137,216427
15.8807,120727
15.89005,107495
15.89938,116977
15.90873,133503
15.91807,126372
15.9274,99230
15.93675,78782
15.94608,66017
15.95542,58318
15.96477,57517
15.9741,64623
15.98343,80871
15.99278,120033
16.00212,158921
16.01145,154316
16.0208,106053
16.03013,70455
16.03947,57057
16.04882,56833
16.05815,57176
16.06748,62786
16.07683,63132
16.08617,60327
16.09552,56701
16.10485,59809
16.11418,63508
16.12353,72964
16.13287,77016
16.1422,74341
16.15155,64373
16.16088,59398
16.17022,62040
16.17957,56731
16.1889,55585
16.19823,58486
16.20758,67824
16.21692,87746
16.22625,102998
16.2356,111459
16.24493,104239
16.25427,86092
16.26362,73025
16.27295,90885
16.2823,227209
16.29163,832086
16.30097,2132006
16.31032,3009086
16.31965,2359984
16.32898,1034562
16.33833,296491
16.34767,96726
16.357,60519
16.36635,54391
16.37568,51869
16.38502,48999
16.39437,49737
16.4037,49719
16.41303,54096
16.42238,56864
16.43172,55855
16.44107,55679
16.4504,55909
16.45973,70373
16.46908,82512
16.47842,82628
16.48775,72458
16.4971,65689
16.50643,63064
16.51577,62613
16.52512,66051
16.53445,66646
16.54378,64531
16.55313,61601
16.56247,55609
16.5718,54144
16.58115,56791
16.59048,62150
16.59982,66131
16.60917,60826
16.6185,56310
16.62785,60228
16.63718,72105
16.64652,83205
16.65587,76591
16.6652,68703
16.67453,62203
16.68388,56216
16.69322,66089
16.70255,83959
16.7119,96710
16.72123,85104
16.73057,65396
16.73992,61494
16.74925,95186
16.75858,150429
16.76793,181392
16.77727,135651
16.7866,82116
16.79595,58510
16.80528,57762
16.81463,61126
16.82397,68501
16.8333,77081
16.84265,80916
16.85198,79230
16.86132,76108
16.87067,63657
16.88,60665
16.88933,56404
16.89868,55413
16.90802,61803
16.91735,80260
16.9267,102413
16.93603,99616
16.94537,81972
16.95472,76385
16.96405,83411
16.97338,92277
16.98273,88714
16.99207,77650
17.00142,67502
17.01075,62708
17.02008,60783
17.02943,72409
17.03877,111268
17.0481,143587
17.05745,124079
17.06678,89654
17.07612,75429
17.08547,71400
17.0948,72442
17.10413,66992
17.11348,67337
17.12282,55537
17.13215,58104
17.1415,65158
17.15083,68125
17.16017,62883
17.16952,55116
17.17885,52152
17.1882,54819
17.19753,55299
17.20687,57117
17.21622,48511
17.22555,50989
17.23488,49766
17.24423,49706
17.25357,52774
17.2629,55050
17.27225,58221
17.28158,64170
17.29092,73792
17.30027,78236
17.3096,71194
17.31893,73996
17.32828,79970
17.33762,85859
17.34697,80314
17.3563,68215
17.36563,60347
17.37498,77834
17.38432,153934
17.39365,307923
17.403,382137
17.41233,280273
17.42167,159467
17.43102,101877
17.44035,80410
17.44968,70427
17.45903,72089
17.46837,74571
17.4777,68993
17.48705,74256
17.49638,158335
17.50572,691372
17.51507,2455316
17.5244,4761079
17.53375,4800948
17.54308,2304057
17.55242,599485
17.56177,129742
17.5711,74585
17.58043,79537
17.58978,92820
17.59912,99222
17.60845,92336
17.6178,77627
17.62713,67873
17.63647,68480
17.64582,68111
17.65515,71074
17.66448,77888
17.67383,94784
17.68317,108063
17.6925,119005
17.70185,125614
17.71118,116453
17.72053,101889
17.72987,92179
17.7392,82687
17.74855,74634
17.75788,83518
17.76722,95253
17.77657,102125
17.7859,98984
17.79523,90447
17.80458,81346
17.81392,78402
17.82325,68608
17.8326,59500
17.84193,59693
17.85127,65590
17.86062,79040
17.86995,103143
17.87928,107152
17.88863,101086
17.89797,91441
17.90732,85694
17.91665,78858
17.92598,66604
17.93533,71344
17.94467,75099
17.954,74868
17.96335,67459
17.97268,61524
17.98202,59145
17.99137,57595
18.0007,55349
18.01003,59346
18.01938,62544
18.02872,63095
18.03805,63245
18.0474,62272
18.05673,66147
18.06608,72332
18.07542,73355
18.08475,65094
18.0941,63391
18.10343,80658
18.11277,132560
18.12212,194103
18.13145,189242
18.14078,147031
18.15013,115587
18.15947,103481
18.1688,94401
18.17815,87354
18.18748,83580
18.19682,80675
18.20617,76221
18.2155,72970
18.22483,77105
18.23418,78865
18.24352,77301
18.25287,69383
18.2622,65889
18.27153,64582
18.28088,70333
18.29022,85289
18.29955,93606
18.3089,101417
18.31823,101612
18.32757,96881
18.33692,87301
18.34625,94087
18.35558,108341
18.36493,125836
18.37427,128538
18.3836,120088
18.39295,113449
18.40228,128039
18.41162,161301
18.42097,178094
18.4303,143938
18.43965,96946
18.44898,93125
18.45832,98533
18.46767,96982
18.477,87810
18.48633,82120
18.49568,93469
18.50502,125182
18.51435,170382
18.5237,187309
18.53303,160402
18.54237,119273
18.55172,98531
18.56105,101395
18.57038,111868
18.57973,95353
18.58907,78714
18.5984,74649
18.60775,77698
18.61708,96158
18.62643,116437
18.63577,125218
18.6451,108849
18.65445,98696
18.66378,96527
18.67312,91431
18.68247,97779
18.6918,100026
18.70113,102590
18.71048,113402
18.71982,125034
18.72915,126495
18.7385,120929
18.74783,105721
18.75717,95295
18.76652,85901
18.77585,80234
18.78518,71815
18.79453,69896
18.80387,70509
18.81322,74193
18.82255,74121
18.83188,74976
18.84123,75804
18.85057,73856
18.8599,75506
18.86925,75889
18.87858,76655
18.88792,73058
18.89727,71566
18.9066,76780
18.91593,100025
18.92528,122241
18.93462,123841
18.94395,111489
18.9533,107602
18.96263,121742
18.97197,142352
18.98132,148088
18.99065,133198
19,101175
19.00933,85834
19.01867,78964
19.02802,76884
19.03735,79044
19.04668,91573
19.05603,134727
19.06537,195405
19.0747,277708
19.08405,420410
19.09338,559480
19.10272,512506
19.11207,318984
19.1214,173400
19.13073,101267
19.14008,72558
19.14942,67605
19.15877,67528
19.1681,66007
19.17743,63399
19.18678,66095
19.19612,72874
19.20545,82063
19.2148,89838
19.22413,92220
19.23347,91070
19.24282,90750
19.25215,81962
19.26148,77543
19.27083,72857
19.28017,76782
19.2895,88038
19.29885,103927
19.30818,131293
19.31752,191704
19.32687,238175
19.3362,207607
19.34555,143038
19.35488,99988
19.36422,82295
19.37357,70625
19.3829,65591
19.39223,63646
19.40158,71160
19.41092,75212
19.42025,78863
19.4296,75799
19.43893,69591
19.44827,66414
19.45762,61808
19.46695,69173
19.47628,71010
19.48563,78803
19.49497,84374
19.5043,88928
19.51365,83621
19.52298,73871
19.53233,67150
19.54167,69986
19.551,68033
19.56035,67263
19.56968,68507
19.57902,75201
19.58837,84185
19.5977,88131
19.60703,89125
19.61638,79468
19.62572,72132
19.63505,74466
19.6444,91555
19.65373,94351
19.66307,86604
19.67242,74486
19.68175,72879
19.69108,78927
19.70043,93988
19.70977,100846
19.71912,105189
19.72845,114339
19.73778,134543
19.74713,152629
19.75647,134858
19.7658,103305
19.77515,88001
19.78448,89638
19.79382,88763
19.80317,85580
19.8125,78253
19.82183,72149
19.83118,73443
19.84052,71740
19.84985,67054
19.8592,66954
19.86853,72586
19.87788,93708
19.88722,124019
19.89655,131620
19.9059,103984
19.91523,85471
19.92457,77140
19.93392,75106
19.94325,73679
19.95258,73056
19.96193,74098
19.97127,81074
19.9806,82309
19.98995,76491
19.99928,69025
20.00862,68656
20.01797,70162
20.0273,74572
20.03663,80223
20.04598,81275
20.05532,85585
20.06467,77590
20.074,76411
20.08333,77046
20.09268,80712
20.10202,81067
20.11135,74735
20.1207,64820
20.13003,63062
20.13937,62828
20.14872,67786
20.15805,86964
20.16738,99891
20.17673,97532
20.18607,87727
20.1954,77475
20.20475,71258
20.21408,69648
20.22342,73826
20.23277,78404
20.2421,79970
20.25145,80715
20.26078,76443
20.27012,72861
20.27947,70377
20.2888,74323
20.29813,80786
20.30748,83551
20.31682,84997
20.32615,75029
20.3355,67712
20.34483,61984
20.35417,63690
20.36352,69613
20.37285,74854
20.38218,72538
20.39153,70451
20.40087,67410
20.4102,64953
20.41955,61767
20.42888,64838
20.43823,65542
20.44757,67955
20.4569,64669
20.46625,70136
20.47558,89546
20.48492,104677
20.49427,105149
20.5036,86728
20.51293,70922
20.52228,71553
20.53162,67799
20.54095,67941
20.5503,73047
20.55963,83606
20.56897,131712
20.57832,318144
20.58765,595700
20.59698,620580
20.60633,370893
20.61567,166997
20.62502,98271
20.63435,97790
20.64368,130670
20.65303,181488
20.66237,191952
20.6717,145998
20.68105,105225
20.69038,89621
20.69972,85082
20.70907,80576
20.7184,81611
20.72773,84518
20.73708,81441
20.74642,83064
20.75575,83331
20.7651,81055
20.77443,77622
20.78377,74340
20.79312,77067
20.80245,86131
20.8118,89106
20.82113,89967
20.83047,83655
20.83982,75238
20.84915,71023
20.85848,69381
20.86783,65367
20.87717,66748
20.8865,68934
20.89585,71997
20.90518,72441
20.91452,78854
20.92387,78884
20.9332,74912
20.94253,72152
20.95188,71377
20.96122,68573
20.97057,67086
20.9799,64257
20.98923,61851
20.99858,63907
21.00792,68225
21.01725,69735
21.0266,69995
21.03593,67815
21.04527,68332
21.05462,68299
21.06395,73917
21.07328,77087
21.08263,71817
21.09197,71581
21.1013,71229
21.11065,73018
21.11998,79361
21.12932,81978
21.13867,89696
21.148,88420
21.15735,87406
21.16668,82447
21.17602,78600
21.18537,85743
21.1947,93690
21.20403,92646
21.21338,82779
21.22272,73645
21.23205,72263
21.2414,71269
21.25073,70728
21.26007,71323
21.26942,75399
21.27875,94358
21.28808,124176
21.29743,159895
21.30677,161973
21.3161,128873
21.32545,92556
21.33478,80171
21.34413,74869
21.35347,75619
21.3628,79237
21.37215,78014
21.38148,75594
21.39082,80338
21.40017,84947
21.4095,83693
21.41883,88439
21.42818,89165
21.43752,85799
21.44685,81593
21.4562,82622
21.46553,74464
21.47487,73436
21.48422,78116
21.49355,85777
21.50288,86349
21.51223,84935
21.52157,80848
21.53092,79472
21.54025,75018
21.54958,78600
21.55893,86765
21.56827,112576
21.5776,156373
21.58695,185743
21.59628,170054
21.60562,123314
21.61497,93365
21.6243,83877
21.63363,85434
21.64298,91501
21.65232,90005
21.66165,85887
21.671,82609
21.68033,96148
21.68968,113399
21.69902,124436
21.70835,121692
21.7177,114371
21.72703,114298
21.73637,102416
21.74572,97915
21.75505,86579
21.76438,77892
21.77373,72663
21.78307,75671
21.7924,77743
21.80175,84013
21.81108,92732
21.82042,104886
21.82977,111610
21.8391,108849
21.84843,98970
21.85778,89361
21.86712,82196
21.87647,82156
21.8858,86299
21.89513,96389
21.90448,102936
21.91382,99138
21.92315,90130
21.9325,77964
21.94183,77964
21.95117,75398
21.96052,81213
21.96985,91604
21.97918,102668
21.98853,120213
21.99787,128344
22.0072,143845
22.01655,130293
22.02588,106964
22.03522,88573
22.04457,97720
22.0539,114669
22.06325,122352
22.07258,117334
22.08192,106661
22.09127,100815
22.1006,95888
22.10993,87351
22.11928,83847
22.12862,83071
22.13795,80693
22.1473,80795
22.15663,92464
22.16597,118716
22.17532,161160
22.18465,174224
22.19398,152423
22.20333,120913
22.21267,100590
22.222,102693
22.23135,110164
22.24068,116806
22.25003,115679
22.25937,107347
22.2687,104828
22.27805,128827
22.28738,166447
22.29672,206531
22.30607,199726
22.3154,173837
22.32473,132854
22.33408,107979
22.34342,98609
22.35275,106105
22.3621,134087
22.37143,158022
22.38077,161249
22.39012,166702
22.39945,161430
22.40878,137318
22.41813,114892
22.42747,110811
22.43682,125393
22.44615,142407
22.45548,141812
22.46483,128357
22.47417,111781
22.4835,106163
22.49285,97611
22.50218,95944
22.51152,92264
22.52087,96484
22.5302,94873
22.53953,89641
22.54888,90895
22.55822,95428
22.56755,101818
22.5769,126163
22.58623,138301
22.59558,145980
22.60492,141596
22.61425,139046
22.6236,134848
22.63293,133230
22.64227,123710
22.65162,116672
22.66095,106485
22.67028,98521
22.67963,97721
22.68897,116322
22.6983,137538
22.70765,151864
22.71698,134140
22.72632,120214
22.73567,129288
22.745,146416
22.75433,146801
22.76368,139428
22.77302,130473
22.78237,118248
22.7917,116545
22.80103,130555
22.81038,159241
22.81972,178989
22.82905,160559
22.8384,139085
22.84773,129721
22.85707,118396
22.86642,113079
22.87575,112975
22.88508,115308
22.89443,122614
22.90377,120839
22.9131,119379
22.92245,125391
22.93178,138170
22.94112,146063
22.95047,136400
22.9598,122629
22.96915,109021
22.97848,105213
22.98782,99657
22.99717,95196
23.0065,97291
23.01583,97821
23.02518,92101
23.03452,89327
23.04385,95656
23.0532,101310
23.06253,102430
23.07187,101839
23.08122,95367
23.09055,90114
23.09988,88951
23.10923,86173
23.11857,82027
23.1279,84932
23.13725,81877
23.14658,87649
23.15593,88677
23.16527,90185
23.1746,92402
23.18395,89950
23.19328,91828
23.20262,88426
23.21197,85620
23.2213,85988
23.23063,87421
23.23998,88489
23.24932,94634
23.25865,102500
23.268,103979
23.27733,107886
23.28667,100360
23.29602,94405
23.30535,88045
23.3147,84666
23.32403,89218
23.33337,104622
23.34272,131552
23.35205,141561
23.36138,128254
23.37073,105087
23.38007,96243
23.3894,93697
23.39875,96584
23.40808,95288
23.41742,95867
23.42677,93433
23.4361,88982
23.44543,92607
23.45478,93746
23.46412,95247
23.47345,92091
23.4828,92264
23.49213,88723
23.50148,85728
23.51082,86207
23.52015,84376
23.5295,90455
23.53883,94177
23.54817,93831
23.55752,91913
23.56685,89416
23.57618,88213
23.58553,98867
23.59487,98682
23.6042,98618
23.61355,94966
23.62288,87738
23.63222,88307
23.64157,88374
23.6509,85385
23.66023,80139
23.66958,84047
23.67892,83845
23.68827,90210
23.6976,94028
23.70693,100897
23.71628,100907
23.72562,103731
23.73495,120876
23.7443,124431
23.75363,119413
23.76297,103374
23.77232,96205
23.78165,93071
23.79098,92286
23.80033,87414
23.80967,88116
23.819,85101
23.82835,88574
23.83768,84011
23.84702,87204
23.85637,86826
23.8657,89246
23.87505,88764
23.88438,91232
23.89372,90624
23.90307,91847
23.9124,93552
23.92173,90452
23.93108,90441
23.94042,86542
23.94975,85391
23.9591,84340
23.96843,83321
23.97777,83581
23.98712,83018
23.99645,84142
24.00578,82323
24.01513,92345
24.02447,89479
24.0338,94366
24.04315,92688
24.05248,88187
24.06183,84764
24.07117,85030
24.0805,86141
24.08985,88349
24.09918,92082
24.10852,93530
24.11787,89892
24.1272,88819
24.13653,85673
24.14588,86189
24.15522,87010
24.16455,90329
24.1739,89675
24.18323,87601
24.19257,88073
24.20192,87317
24.21125,87179
24.22058,84681
24.22993,87194
24.23927,85951
24.24862,91043
24.25795,90272
24.26728,90631
24.27663,91393
24.28597,89333
24.2953,91702
24.30465,94417
24.31398,95419
24.32332,100047
24.33267,107031
24.342,105593
24.35133,99083
24.36068,94814
24.37002,89599
24.37935,88935
24.3887,93278
24.39803,98286
24.40738,100702
24.41672,99506
24.42605,94617
24.4354,96016
24.44473,93406
24.45407,95685
24.46342,95253
24.47275,91807
24.48208,95177
24.49143,95327
24.50077,97231
24.5101,98845
24.51945,104623
24.52878,103620
24.53812,102748
24.54747,99276
24.5568,98361
24.56613,99737
24.57548,95878
24.58482,94186
24.59417,95630
24.6035,96818
24.61283,97678
24.62218,107233
24.63152,112193
24.64085,106869
24.6502,99078
24.65953,95841
24.66887,100525
24.67822,105630
24.68755,112555
24.69688,108582
24.70623,105166
24.71557,104689
24.7249,104282
24.73425,104184
24.74358,101816
24.75292,98495
24.76227,96543
24.7716,98535
24.78095,99392
24.79028,96245
24.79962,95225
24.80897,93391
24.8183,95624
24.82763,98347
24.83698,101933
24.84632,97669
24.85565,95376
24.865,93868
24.87433,95684
24.88367,98199
24.89302,97820
24.90235,100236
24.91168,99576
24.92103,99382
24.93037,101137
24.9397,99934
24.94905,101246
24.95838,105367
24.96773,103022
24.97707,106460
24.9864,109031
24.99575,102148
25.00508,101181
25.01442,103587
25.02377,101565
25.0331,99830
25.04243,97029
25.05178,98806
25.06112,97872
25.07045,96421
25.0798,101335
25.08913,104674
25.09847,101190
25.10782,105084
25.11715,103944
25.1265,102427
25.13583,105686
25.14517,107281
25.15452,112992
25.16385,116912
25.17318,113519
25.18253,105781
25.19187,105417
25.2012,107710
25.21055,109520
25.21988,108701
25.22922,106793
25.23857,104997
25.2479,104014
25.25723,104324
25.26658,108631
25.27592,103181
25.28525,103910
25.2946,103643
25.30393,105062
25.31328,102869
25.32262,106929
25.33195,117989
25.3413,140122
25.35063,143310
25.35997,133575
25.36932,127176
25.37865,122801
25.38798,120146
25.39733,115848
25.40667,116240
25.416,114946
25.42535,115360
25.43468,118674
25.44402,114609
25.45337,115453
25.4627,116651
25.47203,122540
25.48138,125256
25.49072,141525
25.50007,146527
25.5094,147464
25.51873,139215
25.52808,137114
25.53742,135896
25.54675,132506
25.5561,129082
25.56543,135325
25.57477,137252
25.58412,133966
25.59345,135188
25.60278,133683
25.61213,133449
25.62147,128470
25.6308,126203
25.64015,127962
25.64948,131021
25.65882,133304
25.66817,141992
25.6775,145200
25.68685,138066
25.69618,136329
25.70552,132159
25.71487,131467
25.7242,135446
25.73353,134328
25.74288,129580
25.75222,129783
25.76155,133083
25.7709,135751
25.78023,131971
25.78957,129744
25.79892,128039
25.80825,137161
25.81758,138322
25.82693,142240
25.83627,140731
25.8456,147639
25.85495,146889
25.86428,141365
25.87363,138335
25.88297,139845
25.8923,136133
25.90165,141452
25.91098,139107
25.92032,140196
25.92967,138456
25.939,140343
25.94833,148027
25.95768,156310
25.96702,163529
25.97635,153007
25.9857,149231
25.99503,146140
26.00437,143480
26.01372,142019
26.02305,146444
26.03238,152504
26.04173,157111
26.05107,166264
26.06042,165261
26.06975,170772
26.07908,167077
26.08843,167655
26.09777,160775
26.1071,156079
26.11645,152375
26.12578,153466
26.13512,150972
26.14447,158641
26.1538,164740
26.16313,175078
26.17248,176165
26.18182,169390
26.19115,168243
26.2005,158202
26.20983,154299
26.21918,149417
26.22852,150457
26.23785,145417
26.2472,146477
26.25653,146352
26.26587,147003
26.27522,148593
26.28455,151747
26.29388,153861
26.30323,152455
26.31257,155889
26.3219,160474
26.33125,160269
26.34058,162967
26.34992,159977
26.35927,159979
26.3686,160901
26.37793,156283
26.38728,157568
26.39662,154671
26.40597,155154
26.4153,152631
26.42463,154072
26.43398,155398
26.44332,153998
26.45265,161211
26.462,170787
26.47133,176763
26.48067,181115
26.49002,175516
26.49935,171988
26.50868,179010
26.51803,181440
26.52737,189774
26.5367,201543
26.54605,218146
26.55538,220641
26.56472,210403
26.57407,201617
26.5834,198213
26.59275,194676
26.60208,193981
26.61142,196866
26.62077,200982
26.6301,197713
26.63943,183604
26.64878,184337
26.65812,178025
26.66745,182507
26.6768,185198
26.68613,190320
26.69547,182591
26.70482,179760
26.71415,176151
26.72348,174823
26.73283,174693
26.74217,176773
26.7515,177830
26.76085,177921
26.77018,176534
26.77953,182518
26.78887,182361
26.7982,183215
26.80755,183917
26.81688,183991
26.82622,182847
26.83557,181408
26.8449,184242
26.85423,188324
26.86358,185601
26.87292,182866
26.88225,190481
26.8916,188022
26.90093,184511
26.91027,183717
26.91962,183137
26.92895,187894
26.9383,183721
26.94763,183317
26.95697,183236
26.96632,185852
26.97565,184042
26.98498,186062
26.99433,186316
27.00367,190831
27.013,197649
27.02235,198016
27.03168,189771
27.04102,187458
27.05037,190802
27.0597,194502
27.06903,194082
27.07838,200169
27.08772,198715
27.09705,195581
27.1064,195631
27.11573,196544
27.12508,199138
27.13442,199247
27.14375,202867
27.1531,206852
27.16243,209607
27.17177,202972
27.18112,198833
27.19045,198460
27.19978,191438
27.20913,194933
27.21847,195473
27.2278,192556
27.23715,195270
27.24648,198897
27.25582,208339
27.26517,220205
27.2745,229864
27.28383,217806
27.29318,208609
27.30252,198639
27.31187,199029
27.3212,203335
27.33053,198286
27.33988,202362
27.34922,199951
27.35855,196974
27.3679,203947
27.37723,204921
27.38657,202966
27.39592,205548
27.40525,204738
27.41458,203774
27.42393,211363
27.43327,214481
27.4426,221094
27.45195,220664
27.46128,219548
27.47062,212833
27.47997,217628
27.4893,215400
27.49865,222321
27.50798,223793
27.51732,231499
27.52667,232066
27.536,240154
27.54533,238829
27.55468,242463
27.56402,238678
27.57335,238628
27.5827,237185
27.59203,229885
27.60137,226816
27.61072,231646
27.62005,227793
27.62938,226022
27.63873,226666
27.64807,226799
27.6574,228659
27.66675,230977
27.67608,239339
27.68543,242926
27.69477,246016
27.7041,240990
27.71345,237740
27.72278,230657
27.73212,233729
27.74147,230178
27.7508,232224
27.76013,233646
27.76948,238467
27.77882,240890
27.78815,240831
27.7975,244952
27.80683,244009
27.81617,244405
27.82552,244213
27.83485,240271
27.8442,242985
27.85353,247212
27.86287,248169
27.87222,245746
27.88155,247437
27.89088,248679
27.90023,251456
27.90957,246124
27.9189,251168
27.92825,251256
27.93758,249889
27.94692,252032
27.95627,254510
27.9656,250597
27.97493,256302
27.98428,252119
27.99362,254319
28.00295,256203
28.0123,261107
28.02163,259441
28.03098,255118
28.04032,254238
28.04965,255128
28.059,260407
28.06833,261523
28.07767,261220
28.08702,266459
28.09635,266720
28.10568,275135
28.11503,283697
28.12437,281659
28.1337,287312
28.14305,284029
28.15238,286704
28.16172,276426
28.17107,281205
28.1804,282581
28.18973,278772
28.19908,276541
28.20842,279770
28.21777,281019
28.2271,280993
28.23643,286807
28.24578,289629
28.25512,286869
28.26445,286633
28.2738,293278
28.28313,294097
28.29247,288059
28.30182,290384
28.31115,291094
28.32048,294761
28.32983,296078
28.33917,294645
28.3485,294333
28.35785,289908
28.36718,297920
28.37652,300086
28.38587,293496
28.3952,298456
28.40455,303462
28.41388,298398
28.42322,304277
28.43257,302472
28.4419,307539
28.45123,304736
28.46058,308847
28.46992,313056
28.47925,309174
28.4886,313496
28.49793,310615
28.50727,315539
28.51662,311916
28.52595,313473
28.53528,313893
28.54463,318222
28.55397,323317
28.56332,319162
28.57265,320976
28.58198,326310
28.59133,333444
28.60067,340304
28.61,346810
28.61935,348490
28.62868,350113
28.63802,350440
28.64737,347343
28.6567,346269
28.66603,359268
28.67538,401226
28.68472,465342
28.69405,522260
28.7034,504586
28.71273,428315
28.72207,369789
28.73142,359092
28.74075,349956
28.7501,348209
28.75943,350461
28.76877,349428
28.77812,351366
28.78745,355590
28.79678,349049
28.80613,358406
28.81547,360315
28.8248,361062
28.83415,363056
28.84348,365601
28.85282,363614
28.86217,361427
28.8715,363277
28.88083,371033
28.89018,364351
28.89952,370128
28.90885,372475
28.9182,369075
28.92753,374781
28.93688,375535
28.94622,374803
28.95555,374721
28.9649,378823
28.97423,390722
28.98357,397473
28.99292,401023
29.00225,394571
29.01158,381860
29.02093,392380
29.03027,391273
29.0396,396977
29.04895,400844
29.05828,406761
29.06762,396765
29.07697,393336
29.0863,391457
29.09563,397762
29.10498,392863
29.11432,392179
29.12367,390903
29.133,397027
29.14233,393083
29.15168,389556
29.16102,388732
29.17035,394970
29.1797,396043
29.18903,394066
29.19837,397451
29.20772,402916
29.21705,411332
29.22638,409466
29.23573,395243
29.24507,398760
29.2544,396607
29.26375,405003
29.27308,398798
29.28242,406655
29.29177,401655
29.3011,399309
29.31045,405684
29.31978,401829
29.32912,397608
29.33847,402642
29.3478,397624
29.35713,398892
29.36648,401397
29.37582,405814
29.38515,402881
29.3945,401418
29.40383,402910
29.41317,398491
29.42252,408756
29.43185,402348
29.44118,402328
29.45053,407346
29.45987,403771
29.4692,415699
29.47855,419492
29.48788,425095
29.49723,417723
29.50657,413783
29.5159,401639
29.52525,399058
29.53458,400857
29.54392,399357
29.55327,399391
29.5626,394787
29.57193,395557
29.58128,399107
29.59062,402128
29.59995,399978
29.6093,401520
29.61863,404533
29.62797,406440
29.63732,404399
29.64665,404527
29.656,401391
29.66533,403100
29.67467,400625
29.68402,406925
29.69335,401445
29.70268,404794
29.71203,408341
29.72137,413442
29.7307,413464
29.74005,408184
29.74938,412928
29.75872,413313
29.76807,406062
29.7774,402893
29.78673,409113
29.79608,405757
29.80542,400428
29.81475,399032
29.8241,399006
29.83343,396553
29.84278,398375
29.85212,396437
29.86145,396744
29.8708,397802
29.88013,393220
29.88947,401298
29.89882,400968
29.90815,401513
29.91748,406455
29.92683,402641
29.93617,406541
29.9455,406199
29.95485,407209
29.96418,404950
29.97352,409614
29.98287,411449
29.9922,413656
30.00153,419103
30.01088,412585
30.02022,414613
30.02957,412771
30.0389,405767
30.04823,401640
30.05758,398593
30.06692,404245
30.07625,409460
30.0856,402752
30.09493,405070
30.10427,404240
30.11362,402065
30.12295,408172
30.13228,409736
30.14163,411111
30.15097,415731
30.1603,416854
30.16965,423152
30.17898,428221
30.18832,426470
30.19767,427069
30.207,430262
30.21635,422831
30.22568,422523
30.23502,415930
30.24437,413443
30.2537,412130
30.26303,407075
30.27238,403281
30.28172,405078
30.29105,405364
30.3004,406478
30.30973,404883
30.31907,413000
30.32842,414231
30.33775,412575
30.34708,412567
30.35643,411754
30.36577,412695
30.37512,409356
30.38445,413560
30.39378,409493
30.40313,427713
30.41247,433633
30.4218,431204
30.43115,427898
30.44048,422916
30.44982,414353
30.45917,413568
30.4685,416326
30.47783,420982
30.48718,416275
30.49652,418947
30.50585,420962
30.5152,424300
30.52453,420862
30.53387,418801
30.54322,409184
30.55255,414365
30.5619,411944
30.57123,407156
30.58057,418965
30.58992,415773
30.59925,413000
30.60858,413206
30.61793,421744
30.62727,423109
30.6366,421799
30.64595,433102
30.65528,441017
30.66462,452116
30.67397,446927
30.6833,443330
30.69263,432973
30.70198,429821
30.71132,424449
30.72065,421723
30.73,413587
30.73933,417043
30.74868,423542
30.75802,412419
30.76735,416001
30.7767,420098
30.78603,424960
30.79537,425346
30.80472,434490
30.81405,435944
30.82338,437950
30.83273,433546
30.84207,434151
30.8514,425219
30.86075,428259
30.87008,427580
30.87942,424829
30.88877,426749
30.8981,426001
30.90743,425166
30.91678,423986
30.92612,421953
30.93547,426440
30.9448,425398
30.95413,429480
30.96348,427321
30.97282,429495
30.98215,433083
30.9915,430726
31.00083,428693
31.01017,426826
31.01952,422860
31.02885,422374
31.03818,422858
31.04753,424764
31.05687,425881
31.0662,427263
31.07555,419378
31.08488,422528
31.09422,422770
31.10357,420508
31.1129,418225
31.12225,422339
31.13158,423973
31.14092,423512
31.15027,427616
31.1596,419145
31.16893,421550
31.17828,420342
31.18762,422057
31.19695,426281
31.2063,423100
31.21563,422364
31.22497,422113
31.23432,423950
31.24365,422590
31.25298,425062
31.26233,418809
31.27167,424786
31.28102,421810
31.29035,420391
31.29968,425925
31.30903,423929
31.31837,425574
31.3277,422175
31.33705,423824
31.34638,424864
31.35572,426882
31.36507,425373
