0.00416666666666667,0
0.00833333333333333,0
0.0125,0
0.0166666666666667,0
0.0208333333333333,0
0.025,8.70095285887725e-07
0.0291666666666667,0
0.0333333333333333,0
0.0375,0
0.0416666666666667,0
0.0458333333333333,0
0.05,0
0.0541666666666667,0
0.0583333333333333,0
0.0625,0
0.0666666666666667,0
0.0708333333333333,0
0.075,0
0.0791666666666667,0
0.0833333333333333,0
0.0875,0
0.0916666666666667,0
0.0958333333333333,0
0.1,0
0.104166666666667,0
0.108333333333333,0
0.1125,0
0.116666666666667,0
0.120833333333333,0
0.125,0
0.129166666666667,0
0.133333333333333,0
0.1375,0
0.141666666666667,0
0.145833333333333,0
0.15,0
0.154166666666667,0
0.158333333333333,0
0.1625,0
0.166666666666667,0
0.170833333333333,0
0.175,0
0.179166666666667,0
0.183333333333333,0
0.1875,0
0.191666666666667,0
0.195833333333333,0
0.2,0
0.204166666666667,0
0.208333333333333,0
0.2125,0
0.216666666666667,0
0.220833333333333,0
0.225,0
0.229166666666667,0
0.233333333333333,0
0.2375,0
0.241666666666667,0
0.245833333333333,0
0.25,0
0.254166666666667,0
0.258333333333333,0
0.2625,0
0.266666666666667,0
0.270833333333333,0
0.275,0
0.279166666666667,0
0.283333333333333,0
0.2875,0
0.291666666666667,0
0.295833333333333,0
0.3,0
0.304166666666667,0
0.308333333333333,0
0.3125,0
0.316666666666667,0
0.320833333333333,0
0.325,0
0.329166666666667,0
0.333333333333333,0
0.3375,0
0.341666666666667,0
0.345833333333333,0
0.35,0
0.354166666666667,0
0.358333333333333,0
0.3625,0
0.366666666666667,0
0.370833333333333,0
0.375,0
0.379166666666667,0
0.383333333333333,0
0.3875,0
0.391666666666667,0
0.395833333333333,0
0.4,0
0.404166666666667,0
0.408333333333333,0
0.4125,0
0.416666666666667,0
0.420833333333333,0
0.425,0
0.429166666666667,0
0.433333333333333,0
0.4375,0
0.441666666666667,0
0.445833333333333,0
0.45,0
0.454166666666667,0
0.458333333333333,0
0.4625,0
0.466666666666667,0
0.470833333333333,0
0.475,0
0.479166666666667,0
0.483333333333333,0
0.4875,0
0.491666666666667,0
0.495833333333333,0
0.5,0
0.504166666666667,0
0.508333333333333,0
0.5125,0
0.516666666666667,0
0.520833333333333,0
0.525,0
0.529166666666667,0
0.533333333333333,0
0.5375,0
0.541666666666667,0
0.545833333333333,0.00116392961685836
0.55,0.00852083764864719
0.554166666666667,0.0478936746941939
0.558333333333333,0.175696723475941
0.5625,0.416591879404144
0.566666666666667,0.690652256586888
0.570833333333333,0.871831236244112
0.575,0.911931356523967
0.579166666666667,0.896258845057075
0.583333333333333,1.10567033848909
0.5875,1.66911571219686
0.591666666666667,2.11326857277598
0.595833333333333,1.98271261029444
0.6,1.46982013752478
0.604166666666667,1.04594762416773
0.608333333333333,0.793690454782144
0.6125,0.636665099068745
0.616666666666667,0.524431015042136
0.620833333333333,0.434655482085859
0.625,0.360634160217849
0.629166666666667,0.302128560875075
0.633333333333333,0.258396839901847
0.6375,0.228505842624949
0.641666666666667,0.262145836741782
0.645833333333333,0.454742866243568
0.65,0.703962182133219
0.654166666666667,0.767798835079754
0.658333333333333,0.63935353518458
0.6625,0.812073294719389
0.666666666666667,1.69466447487073
0.670833333333333,2.76301340343617
0.675,3.15937584894784
0.679166666666667,2.72928818093952
0.683333333333333,2.38538403104853
0.6875,4.02128566196391
0.691666666666667,6.851627080949
0.695833333333333,8.8535750415109
0.7,9.01687441902647
0.704166666666667,7.89070515565053
0.708333333333333,5.65361708502373
0.7125,3.2944112344428
0.716666666666667,1.85203831400914
0.720833333333333,1.0655938001013
0.725,0.634129788463419
0.729166666666667,0.405203383186885
0.733333333333333,0.28390005230299
0.7375,0.217649913258719
0.741666666666667,0.179432248776513
0.745833333333333,0.153984805685659
0.75,0.131145673052507
0.754166666666667,0.107907013399165
0.758333333333333,0.0860561228036676
0.7625,0.0682981521019805
0.766666666666667,0.0556239449514375
0.770833333333333,0.0468754468457662
0.775,0.0431057385040704
0.779166666666667,0.0622989357038844
0.783333333333333,0.15278952150154
0.7875,0.304984825364055
0.791666666666667,0.409439939696675
0.795833333333333,0.389950607989791
0.8,0.317810762381536
0.804166666666667,0.319530027831416
0.808333333333333,0.447179631970053
0.8125,0.653131211443095
0.816666666666667,0.796495751811047
0.820833333333333,0.773769505746269
0.825,0.620975103216613
0.829166666666667,0.450274690049695
0.833333333333333,0.316490762657441
0.8375,0.220644473545265
0.841666666666667,0.154211724801219
0.845833333333333,0.115688360082636
0.85,0.125786416702944
0.854166666666667,0.209525436149194
0.858333333333333,0.31628273119391
0.8625,0.345855038649687
0.866666666666667,0.27936419549606
0.870833333333333,0.213402456074839
0.875,0.22159151546239
0.879166666666667,0.274125047032238
0.883333333333333,0.308925864391636
0.8875,0.310692081648669
0.891666666666667,0.305129851308749
0.895833333333333,0.305931794992484
0.9,0.316608706273735
0.904166666666667,0.386811487240554
0.908333333333333,0.633173853002695
0.9125,1.10017179746791
0.916666666666667,1.53666416095463
0.920833333333333,1.58624764688648
0.925,1.23239324082395
0.929166666666667,0.782287879913528
0.933333333333333,0.462585053889344
0.9375,0.280384304238449
0.941666666666667,0.183839304334368
0.945833333333333,0.127458994662484
0.95,0.0901280920019983
0.954166666666667,0.0678919308282765
0.958333333333333,0.0595497187385521
0.9625,0.0577587434636146
0.966666666666667,0.0552596316324172
0.970833333333333,0.0512710649657331
0.975,0.0493319672544521
0.979166666666667,0.0490558198854574
0.983333333333333,0.0455894514910411
0.9875,0.0377403417886374
0.991666666666667,0.0288393594773164
0.995833333333333,0.0230806704180847
1,0.0200550431430677
1.00416666666667,0.0178803802086855
1.00833333333333,0.014669457438563
1.0125,0.0114511529312703
1.01666666666667,0.0081998991693691
1.02083333333333,0.00593740006389037
1.025,0.00700561829047309
1.02916666666667,0.0249619589287628
1.03333333333333,0.092603868794632
1.0375,0.237629971665556
1.04166666666667,0.412741094991798
1.04583333333333,0.503582223151835
1.05,0.45561970947239
1.05416666666667,0.334760299600723
1.05833333333333,0.230582800953707
1.0625,0.166701672033358
1.06666666666667,0.127315770340024
1.07083333333333,0.0998342622221303
1.075,0.0813558883185886
1.07916666666667,0.0702838550446037
1.08333333333333,0.0647220032060313
1.0875,0.0604358263633183
1.09166666666667,0.0552152087279968
1.09583333333333,0.0488120128087605
1.1,0.0433401044532018
1.10416666666667,0.0378549354855403
1.10833333333333,0.031375062905288
1.1125,0.023794269087583
1.11666666666667,0.0171280726346084
1.12083333333333,0.0122534445692483
1.125,0.00955867477916153
1.12916666666667,0.00919855565618073
1.13333333333333,0.0117132635654272
1.1375,0.015940604254326
1.14166666666667,0.0179622732866631
1.14583333333333,0.0152452166435863
1.15,0.00887853389555934
1.15416666666667,0.00315434631588365
1.15833333333333,0
1.1625,0
1.16666666666667,0.00218085842677668
1.17083333333333,0.00559377634208262
1.175,0.0087662660021873
1.17916666666667,0.0114639278068513
1.18333333333333,0.012298498976459
1.1875,0.0113396853453108
1.19166666666667,0.00842932964253169
1.19583333333333,0.00477695406302302
1.2,0.00122803238766277
1.20416666666667,0
1.20833333333333,0.00228875866282829
1.2125,0.0243284443579501
1.21666666666667,0.079957393938829
1.22083333333333,0.169993510234757
1.225,0.26195559757753
1.22916666666667,0.310051608879912
1.23333333333333,0.30068462226335
1.2375,0.256117799321743
1.24166666666667,0.202314693969524
1.24583333333333,0.148582441089408
1.25,0.100556197266947
1.25416666666667,0.0641896499725028
1.25833333333333,0.0434594916847817
1.2625,0.0344577988557807
1.26666666666667,0.0314116646319869
1.27083333333333,0.0295231404236606
1.275,0.0304678919983243
1.27916666666667,0.0400750325358542
1.28333333333333,0.0713587920775622
1.2875,0.146609010013675
1.29166666666667,0.28774818015846
1.29583333333333,0.478181826376268
1.3,0.638468377372851
1.30416666666667,0.682916495576832
1.30833333333333,0.603136128892631
1.3125,0.466198443922493
1.31666666666667,0.337812036317079
1.32083333333333,0.244334483363111
1.325,0.187850449158661
1.32916666666667,0.165296818169082
1.33333333333333,0.165720207747873
1.3375,0.170731674220058
1.34166666666667,0.165420906054251
1.34583333333333,0.150464985057147
1.35,0.134204331171897
1.35416666666667,0.123065129707348
1.35833333333333,0.11731494326784
1.3625,0.114451117429334
1.36666666666667,0.110652433494001
1.37083333333333,0.103960694466847
1.375,0.0951083043545517
1.37916666666667,0.0860167239250609
1.38333333333333,0.0781858196224483
1.3875,0.0716436131495519
1.39166666666667,0.0668857806332498
1.39583333333333,0.063123607549335
1.4,0.0604596815438843
1.40416666666667,0.0582619491945271
1.40833333333333,0.0574283988151198
1.4125,0.0573958083689345
1.41666666666667,0.0584543281063887
1.42083333333333,0.0599261032695524
1.425,0.0634316430403955
1.42916666666667,0.0700221327277662
1.43333333333333,0.0794164788425159
1.4375,0.0876989468270485
1.44166666666667,0.0908301042940518
1.44583333333333,0.088036929540688
1.45,0.0823523774918316
1.45416666666667,0.0787654297835429
1.45833333333333,0.0807252600385263
1.4625,0.0885937129980172
1.46666666666667,0.0967521325685264
1.47083333333333,0.0987459110705883
1.475,0.0911437546811643
1.47916666666667,0.0777029672399874
1.48333333333333,0.0629491414014816
1.4875,0.0510548481172329
1.49166666666667,0.0423921324623664
1.49583333333333,0.0367949176422246
1.5,0.0326098063279259
1.50416666666667,0.0296913060319911
1.50833333333333,0.0273961947176923
1.5125,0.0256620099476339
1.51666666666667,0.0244252041425171
1.52083333333333,0.0245311445811399
1.525,0.0271598646524839
1.52916666666667,0.0346297533381851
1.53333333333333,0.0504490243277261
1.5375,0.0766428278715242
1.54166666666667,0.11085628917826
1.54583333333333,0.143406887379821
1.55,0.162511266883553
1.55416666666667,0.160399110494129
1.55833333333333,0.140017463286675
1.5625,0.110962644125965
1.56666666666667,0.0839415061004812
1.57083333333333,0.0637886318479521
1.575,0.051007760934321
1.57916666666667,0.0430521404380523
1.58333333333333,0.0377230558349388
1.5875,0.0327759912652144
1.59166666666667,0.0279069567455733
1.59583333333333,0.0229964113745133
1.6,0.0190159244341712
1.60416666666667,0.0165245944220427
1.60833333333333,0.0158704430409659
1.6125,0.0165223934962832
1.61666666666667,0.017906497540916
1.62083333333333,0.0202558019194386
1.625,0.0229691463647392
1.62916666666667,0.0252522236981866
1.63333333333333,0.0255952008646892
1.6375,0.0246774184318595
1.64166666666667,0.0227471568671435
1.64583333333333,0.020877337706434
1.65,0.0188001479280284
1.65416666666667,0.0169034756788381
1.65833333333333,0.0147159186216346
1.6625,0.0131513248365511
1.66666666666667,0.0126450532551405
1.67083333333333,0.0134643910226447
1.675,0.0151504900589303
1.67916666666667,0.0171828495292726
1.68333333333333,0.0192587899678954
1.6875,0.020977910707019
1.69166666666667,0.0227174237666768
1.69583333333333,0.0237995662086384
1.7,0.0241707821063597
1.70416666666667,0.0233985756334632
1.70833333333333,0.0228232389435384
1.7125,0.0218541710349158
1.71666666666667,0.0209445271663599
1.72083333333333,0.019243965100809
1.725,0.0171815332522866
1.72916666666667,0.0139545938912433
1.73333333333333,0.0107060184700998
1.7375,0.00727028111239532
1.74166666666667,0.0044102532705506
1.74583333333333,0.00211510022002473
1.75,0.000744813613572429
1.75416666666667,0
1.75833333333333,0
1.7625,0
1.76666666666667,0
1.77083333333333,0.000367032554257046
1.775,0
1.77916666666667,0.000857414092932699
1.78333333333333,0.000212524346132495
1.7875,0
1.79166666666667,0
1.79583333333333,0.00375850619087367
1.8,0.0166733576794658
1.80416666666667,0.0449886265303283
1.80833333333333,0.0924247301057318
1.8125,0.155248596619366
1.81666666666667,0.218460760294936
1.82083333333333,0.260451037493044
1.825,0.264958443238731
1.82916666666667,0.231756241304953
1.83333333333333,0.176739256399555
1.8375,0.119375819073456
1.84166666666667,0.0732065637173067
1.84583333333333,0.0412455554396216
1.85,0.0220400563439066
1.85416666666667,0.0108655589176406
1.85833333333333,0.00506044379521428
1.8625,0.0018407710767947
1.86666666666667,0.00052789301613808
1.87083333333333,0
1.875,0
1.87916666666667,0
1.88333333333333,0.000953372184598237
1.8875,0.00459300902814944
1.89166666666667,0.0129148829334703
1.89583333333333,0.0267804045850348
1.9,0.0455916023634775
1.90416666666667,0.0672009720951756
1.90833333333333,0.0875741899070073
1.9125,0.104067774997637
1.91666666666667,0.116376159754377
1.92083333333333,0.12776797522898
1.925,0.140826309902247
1.92916666666667,0.158366873290039
1.93333333333333,0.180735324824742
1.9375,0.207914627778477
1.94166666666667,0.236481985824031
1.94583333333333,0.261783801298634
1.95,0.275282094235674
1.95416666666667,0.270459660962364
1.95833333333333,0.244545433031291
1.9625,0.202881505601053
1.96666666666667,0.154512411225906
1.97083333333333,0.109313183294833
1.975,0.0729612842452286
1.97916666666667,0.047092231606309
1.98333333333333,0.0304126030074561
1.9875,0.0201328825889038
1.99166666666667,0.0140858750251095
1.99583333333333,0.0100734167100629
2,0.00745106690920679
2.00416666666667,0.00529688421274336
2.00833333333333,0.00391571309338761
2.0125,0.00257728429399222
2.01666666666667,0.00157254996579887
2.02083333333333,0.000390477091904307
2.025,0
2.02916666666667,1.81776876066742e-06
2.03333333333333,0.001572020979508
2.0375,0.00617215591417015
2.04166666666667,0.0191210810416537
2.04583333333333,0.050395876867593
2.05,0.11562642857208
2.05416666666667,0.228783639699146
2.05833333333333,0.391442587415528
2.0625,0.581615919839547
2.06666666666667,0.753454123152966
2.07083333333333,0.853113551651067
2.075,0.845902479495579
2.07916666666667,0.738268938778112
2.08333333333333,0.571313582625337
2.0875,0.396803825432704
2.09166666666667,0.250741572413693
2.09583333333333,0.147692660334374
2.1,0.0837743867287606
2.10416666666667,0.0487760858587482
2.10833333333333,0.0310698131882351
2.1125,0.0227590181711026
2.11666666666667,0.0185872838171588
2.12083333333333,0.0165235687622549
2.125,0.0154541187874847
2.12916666666667,0.0150433182382154
2.13333333333333,0.014714282678512
2.1375,0.0141498856023227
2.14166666666667,0.0139857550945809
2.14583333333333,0.0155459416108374
2.15,0.0217565072927867
2.15416666666667,0.0368725376544104
2.15833333333333,0.0683665639525951
2.1625,0.124426142485963
2.16666666666667,0.212827327048965
2.17083333333333,0.337372555602523
2.175,0.498982485433731
2.17916666666667,0.693128864187258
2.18333333333333,0.912876520069333
2.1875,1.14870418429865
2.19166666666667,1.39124083016403
2.19583333333333,1.62626534748183
2.2,1.83445695995823
2.20416666666667,1.98535471600725
2.20833333333333,2.03522413315811
2.2125,1.93739016967457
2.21666666666667,1.68277733306917
2.22083333333333,1.32621540631351
2.225,0.959443053848342
2.22916666666667,0.65392232074878
2.23333333333333,0.434536612690955
2.2375,0.292336856219106
2.24166666666667,0.20712898622472
2.24583333333333,0.16327685078793
2.25,0.153453020860321
2.25416666666667,0.179077079079625
2.25833333333333,0.24534749789993
2.2625,0.358617140426411
2.26666666666667,0.521402183620673
2.27083333333333,0.732819922975201
2.275,0.987434448640248
2.27916666666667,1.27977385744386
2.28333333333333,1.60315953502877
2.2875,1.95146989541836
2.29166666666667,2.3163759820183
2.29583333333333,2.68894105025429
2.3,3.06202640229664
2.30416666666667,3.43414988455601
2.30833333333333,3.80595531172356
2.3125,4.17638184907474
2.31666666666667,4.54118384552443
2.32083333333333,4.87582140123956
2.325,5.03954360637039
2.32916666666667,4.69311788161807
2.33333333333333,3.69908671446175
2.3375,2.425957233449
2.34166666666667,1.40495041520753
2.34583333333333,0.797645541874246
2.35,0.484311286237121
2.35416666666667,0.336608683354588
2.35833333333333,0.283251330889417
2.3625,0.289903010143779
2.36666666666667,0.339884839648558
2.37083333333333,0.419153647450499
2.375,0.511024149743258
2.37916666666667,0.593522682086101
2.38333333333333,0.642210888886372
2.3875,0.637002768474624
2.39166666666667,0.573896609665546
2.39583333333333,0.470924123644449
2.4,0.357606028274437
2.40416666666667,0.258997599014608
2.40833333333333,0.184662249888335
2.4125,0.133830289743698
2.41666666666667,0.100676100884537
2.42083333333333,0.0813917450804684
2.425,0.0731326396937616
2.42916666666667,0.0786503122703268
2.43333333333333,0.104725313728361
2.4375,0.164678286805761
2.44166666666667,0.274345842520891
2.44583333333333,0.450201278035687
2.45,0.703331947273354
2.45416666666667,1.03928530432404
2.45833333333333,1.45743295185887
2.4625,1.9508082454705
2.46666666666667,2.49969046729581
2.47083333333333,3.07337810648339
2.475,3.63113339174777
2.47916666666667,4.10025800088527
2.48333333333333,4.34012700067386
2.4875,4.17737797041236
2.49166666666667,3.56449338923266
2.49583333333333,2.67684523543193
2.5,1.80568840049598
2.50416666666667,1.14371139697953
2.50833333333333,0.721293779901262
2.5125,0.476475086383821
2.51666666666667,0.342996071209897
2.52083333333333,0.274066451767988
2.525,0.242593199202856
2.52916666666667,0.232804478315356
2.53333333333333,0.235367335375457
2.5375,0.242917355885183
2.54166666666667,0.24894469963704
2.54583333333333,0.248996104052918
2.55,0.240984892531335
2.55416666666667,0.22526809464777
2.55833333333333,0.202958416104578
2.5625,0.177092227044853
2.56666666666667,0.150298936009013
2.57083333333333,0.125936140185227
2.575,0.10491010954964
2.57916666666667,0.0876343177511879
2.58333333333333,0.0731935573035789
2.5875,0.0622102667973173
2.59166666666667,0.0547610500983661
2.59583333333333,0.0520943057304513
2.6,0.0560447009986009
2.60416666666667,0.0690333055450718
2.60833333333333,0.0935549786615366
2.6125,0.131723344247347
2.61666666666667,0.184883762428901
2.62083333333333,0.252878830394363
2.625,0.335211045164958
2.62916666666667,0.429528129137531
2.63333333333333,0.533834198698915
2.6375,0.64567951380856
2.64166666666667,0.763960436262315
2.64583333333333,0.886346942213286
2.65,1.0118115286827
2.65416666666667,1.13844534043801
2.65833333333333,1.26478334528509
2.6625,1.38461982655568
2.66666666666667,1.48105883385864
2.67083333333333,1.50632687787971
2.675,1.39038335202847
2.67916666666667,1.11736149543037
2.68333333333333,0.774233172989825
2.6875,0.478682994497315
2.69166666666667,0.281529684935305
2.69583333333333,0.16763164374369
2.7,0.105282487390746
2.70416666666667,0.0714270426953318
2.70833333333333,0.0524887007500979
2.7125,0.0417180396259907
2.71666666666667,0.0344348777946246
2.72083333333333,0.029210235730953
2.725,0.0247166531085936
2.72916666666667,0.0212813774475749
2.73333333333333,0.0178408215433846
2.7375,0.0151343447691396
2.74166666666667,0.012783000988775
2.74583333333333,0.0110497973216514
2.75,0.00886406809914946
2.75416666666667,0.00624630791976193
2.75833333333333,0.00298051722505312
2.7625,0.000170203969108336
2.76666666666667,0
2.77083333333333,0
2.775,0.00316396964349165
2.77916666666667,0.014047598938881
2.78333333333333,0.034939378999387
2.7875,0.0684262735386945
2.79166666666667,0.117281072647783
2.79583333333333,0.18219190030745
2.8,0.263640135924201
2.80416666666667,0.359803077101536
2.80833333333333,0.46934165249471
2.8125,0.589451406785687
2.81666666666667,0.718619128395999
2.82083333333333,0.854825796064373
2.825,0.996994316743223
2.82916666666667,1.14317599471385
2.83333333333333,1.29275446313901
2.8375,1.4448761788513
2.84166666666667,1.59843228614294
2.84583333333333,1.75271344800268
2.85,1.90760940109441
2.85416666666667,2.06296195446285
2.85833333333333,2.21601314252835
2.8625,2.35844620171458
2.86666666666667,2.45412505291935
2.87083333333333,2.39702127146451
2.875,2.0683437865951
2.87916666666667,1.51462068448439
2.88333333333333,0.946781169836525
2.8875,0.535846776237131
2.89166666666667,0.293426441278499
2.89583333333333,0.163338226092157
2.9,0.0957235974857606
2.90416666666667,0.060992753485662
2.90833333333333,0.043050549881152
2.9125,0.03331129989057
2.91666666666667,0.0274404853466126
2.92083333333333,0.0232118518549311
2.925,0.020077675905985
2.92916666666667,0.0170299835728714
2.93333333333333,0.0142518610288546
2.9375,0.0114740405239933
2.94166666666667,0.00955486699615945
2.94583333333333,0.00822218454850029
2.95,0.00869130806880414
2.95416666666667,0.011265791176078
2.95833333333333,0.0174643711287281
2.9625,0.0279962776726395
2.96666666666667,0.0445840961463517
2.97083333333333,0.0678697357615263
2.975,0.0988864997198082
2.97916666666667,0.137391965012491
2.98333333333333,0.182464852203491
2.9875,0.232880317582933
2.99166666666667,0.286628083384182
2.99583333333333,0.341546861823906
3,0.39422092438422
3.00416666666667,0.441648052304219
3.00833333333333,0.479145044852279
3.0125,0.503008993028742
3.01666666666667,0.508528147031525
3.02083333333333,0.494417858455939
3.025,0.462578503939029
3.02916666666667,0.421056353273103
3.03333333333333,0.380561265565993
3.0375,0.353577807771941
3.04166666666667,0.349168142838511
3.04583333333333,0.371686428704922
3.05,0.42008609710004
3.05416666666667,0.489282499619176
3.05833333333333,0.571609042949461
3.0625,0.656533657985038
3.06666666666667,0.732042856588329
3.07083333333333,0.784088242441457
3.075,0.799949666305008
3.07916666666667,0.770850960575629
3.08333333333333,0.69915187584696
3.0875,0.596605067554048
3.09166666666667,0.481954960747961
3.09583333333333,0.372100012199303
3.1,0.278938979179512
3.10416666666667,0.206058832649508
3.10833333333333,0.152296702167875
3.1125,0.113319375056134
3.11666666666667,0.0853798907226172
3.12083333333333,0.0654254037676445
3.125,0.0504597632823532
3.12916666666667,0.0387300487418539
3.13333333333333,0.0292068621588199
3.1375,0.0216211978664586
3.14166666666667,0.0150298598807826
3.14583333333333,0.00961431832798741
3.15,0.00512919024578814
3.15416666666667,0.00283404258842728
3.15833333333333,0.00315976952216762
3.1625,0.00764697305968241
3.16666666666667,0.017857073243695
3.17083333333333,0.0365647501347664
3.175,0.0653876824807627
3.17916666666667,0.106780155123874
3.18333333333333,0.162275086649702
3.1875,0.232969390241206
3.19166666666667,0.318144119315063
3.19583333333333,0.415901788055903
3.2,0.523869493286079
3.20416666666667,0.638683430325445
3.20833333333333,0.755858041572316
3.2125,0.8689642385402
3.21666666666667,0.971798959453791
3.22083333333333,1.05584322434079
3.225,1.11270615005693
3.22916666666667,1.13331830587867
3.23333333333333,1.11314379196727
3.2375,1.05227159996977
3.24166666666667,0.959269669780338
3.24583333333333,0.847746149974237
3.25,0.734160232532424
3.25416666666667,0.631188763859893
3.25833333333333,0.547437054468482
3.2625,0.486842384819948
3.26666666666667,0.449581526194074
3.27083333333333,0.432947159720396
3.275,0.433000964859
3.27916666666667,0.447005347280321
3.28333333333333,0.471893739365981
3.2875,0.505616034265549
3.29166666666667,0.545103794577673
3.29583333333333,0.589177622967783
3.3,0.636182062001139
3.30416666666667,0.686123064927475
3.30833333333333,0.737572645096695
3.3125,0.790210328379568
3.31666666666667,0.843033737474911
3.32083333333333,0.89633424299473
3.325,0.94928405027557
3.32916666666667,1.0019824097291
3.33333333333333,1.05389546659171
3.3375,1.10539708558459
3.34166666666667,1.15554975059041
3.34583333333333,1.20488767381314
3.35,1.25590361827769
3.35416666666667,1.309851102214
3.35833333333333,1.36537874401896
3.3625,1.42055738245673
3.36666666666667,1.47578464260199
3.37083333333333,1.5292403698967
3.375,1.58064717272105
3.37916666666667,1.63107753424654
3.38333333333333,1.68405670893017
3.3875,1.73909172084494
3.39166666666667,1.794824802745
3.39583333333333,1.83570446451304
3.4,1.78368207078969
3.40416666666667,1.52354236684996
3.40833333333333,1.08740246858657
3.4125,0.661700760673519
3.41666666666667,0.393033065180486
3.42083333333333,0.27198942788332
3.425,0.242479619098772
3.42916666666667,0.261916656222056
3.43333333333333,0.302953481523177
3.4375,0.345352937105199
3.44166666666667,0.373222865071181
3.44583333333333,0.377740164285454
3.45,0.359694930607339
3.45416666666667,0.328672785772619
3.45833333333333,0.297915303103053
3.4625,0.281560959092354
3.46666666666667,0.29059645227096
3.47083333333333,0.331140434424739
3.475,0.401535889559923
3.47916666666667,0.49603170318525
3.48333333333333,0.606225458639174
3.4875,0.722863553951298
3.49166666666667,0.836234039905822
3.49583333333333,0.936910109190112
3.5,1.01790346868185
3.50416666666667,1.07704309337649
3.50833333333333,1.11962925132603
3.5125,1.1559912250179
3.51666666666667,1.1993033993074
3.52083333333333,1.25551638415216
3.525,1.31530457081195
3.52916666666667,1.35044955421934
3.53333333333333,1.32419737004145
3.5375,1.20968858649967
3.54166666666667,1.01246312073025
3.54583333333333,0.772571257148209
3.55,0.542795558966599
3.55416666666667,0.359747103588769
3.55833333333333,0.23289008194061
3.5625,0.152662516333656
3.56666666666667,0.103497362301476
3.57083333333333,0.0735887940754719
3.575,0.0548831728653397
3.57916666666667,0.0430786879275218
3.58333333333333,0.0349589208389941
3.5875,0.0310620608561985
3.59166666666667,0.0315915059167119
3.59583333333333,0.0380420980315674
3.6,0.0505153820498613
3.60416666666667,0.072595540550239
3.60833333333333,0.106430170134718
3.6125,0.153794179592295
3.61666666666667,0.213269564523318
3.62083333333333,0.286069589309438
3.625,0.371772701971704
3.62916666666667,0.469513744521149
3.63333333333333,0.576192500538088
3.6375,0.691148261115357
3.64166666666667,0.813653414173839
3.64583333333333,0.941443945297186
3.65,1.07041987178859
3.65416666666667,1.19609521762902
3.65833333333333,1.31301966623186
3.6625,1.41034029666991
3.66666666666667,1.47303916297424
3.67083333333333,1.48088865411184
3.675,1.41468066372602
3.67916666666667,1.26274462235417
3.68333333333333,1.03898315361218
3.6875,0.783276436070418
3.69166666666667,0.545888220920281
3.69583333333333,0.358222668368204
3.7,0.227747160657343
3.70416666666667,0.1443780032362
3.70833333333333,0.09490858001738
3.7125,0.0664471246630736
3.71666666666667,0.0495474301009125
3.72083333333333,0.0379345413453399
3.725,0.0297713748632197
3.72916666666667,0.0246853713284275
3.73333333333333,0.0206597477086621
3.7375,0.0163737476828074
3.74166666666667,0.0123694196042047
3.74583333333333,0.0100596715924725
3.75,0.00824106786071872
3.75416666666667,0.00616529783073218
3.75833333333333,0.00376686394600444
3.7625,0.00274902491046121
3.76666666666667,0.00224074894388792
3.77083333333333,0.00131355852316526
3.775,0
3.77916666666667,0
3.78333333333333,0
3.7875,0
3.79166666666667,0.000371121612704636
3.79583333333333,0.00306884927528168
3.8,0.00877902099048815
3.80416666666667,0.0179971074822832
3.80833333333333,0.0320242722959949
3.8125,0.0536191247198562
3.81666666666667,0.0839535962457725
3.82083333333333,0.122166888816401
3.825,0.166816509883581
3.82916666666667,0.216691060388299
3.83333333333333,0.2694303098859
3.8375,0.319331731415495
3.84166666666667,0.359581793678735
3.84583333333333,0.384111490208463
3.85,0.38829755101741
3.85416666666667,0.369447379389319
3.85833333333333,0.330723695803257
3.8625,0.281387142274184
3.86666666666667,0.23121254278701
3.87083333333333,0.18628911197773
3.875,0.148285463480671
3.87916666666667,0.118255386222312
3.88333333333333,0.0954759662910694
3.8875,0.0783490477052418
3.89166666666667,0.0642826264029952
3.89583333333333,0.0529297567532131
3.9,0.0440851041431429
3.90416666666667,0.0376307797029369
3.90833333333333,0.0326415823757691
3.9125,0.029558588233361
3.91666666666667,0.0290668299417583
3.92083333333333,0.0313290697162549
3.925,0.0352533702729799
3.92916666666667,0.0405400313898318
3.93333333333333,0.0477408386543919
3.9375,0.0563876527794502
3.94166666666667,0.0650339955796332
3.94583333333333,0.0723172870331734
3.95,0.0781433527944299
3.95416666666667,0.0811244542439726
3.95833333333333,0.0802270848157932
3.9625,0.0744616945382079
3.96666666666667,0.0657221307684139
3.97083333333333,0.0547146615647774
3.975,0.0433203045683019
3.97916666666667,0.032117114147871
3.98333333333333,0.0235686955905651
3.9875,0.0171574271383897
3.99166666666667,0.0130717471335171
3.99583333333333,0.010174818459021
4,0.00977137328011242
4.00416666666667,0.0120244892623051
4.00833333333333,0.0174149999005251
4.0125,0.0254762003371806
4.01666666666667,0.0369487682389617
4.02083333333333,0.0518486206090982
4.025,0.0684888113456448
4.02916666666667,0.0844921773182756
4.03333333333333,0.0978591847789684
4.0375,0.107983905989718
4.04166666666667,0.112295454948745
4.04583333333333,0.110272052499013
4.05,0.102823038014369
4.05416666666667,0.0933802633895301
4.05833333333333,0.082415096378977
4.0625,0.0715125441361903
4.06666666666667,0.0613544335141498
4.07083333333333,0.0538836681604925
4.075,0.0479283937929726
4.07916666666667,0.042583116730346
4.08333333333333,0.0367168090676622
4.0875,0.0317047784592362
4.09166666666667,0.0273407298882647
4.09583333333333,0.0232171162511327
4.1,0.0186262234993174
4.10416666666667,0.0151000871669333
4.10833333333333,0.0131828963774108
4.1125,0.0123316031924106
4.11666666666667,0.0116944868856132
4.12083333333333,0.012342330904322
4.125,0.0147209020013496
4.12916666666667,0.0181745395505436
4.13333333333333,0.0227617398539654
4.1375,0.0301950392804542
4.14166666666667,0.0419536937314035
4.14583333333333,0.057471616871145
4.15,0.0776493500768653
4.15416666666667,0.104154154258305
4.15833333333333,0.138700669290147
4.1625,0.179887232876789
4.16666666666667,0.22628503748056
4.17083333333333,0.276070289177394
4.175,0.32689456699106
4.17916666666667,0.373435842645134
4.18333333333333,0.409358003107222
4.1875,0.429424070080161
4.19166666666667,0.429865028538909
4.19583333333333,0.408578207364936
4.2,0.366517412902149
4.20416666666667,0.310296443147208
4.20833333333333,0.248818803943185
4.2125,0.190002825840998
4.21666666666667,0.138056872780548
4.22083333333333,0.0966079898369595
4.225,0.0668384057247564
4.22916666666667,0.047146960176827
4.23333333333333,0.0336027349961764
4.2375,0.0243918069774625
4.24166666666667,0.0193965550856266
4.24583333333333,0.0180893415911197
4.25,0.0184620112351769
4.25416666666667,0.0197129112632075
4.25833333333333,0.0225547545299694
4.2625,0.0260850034728581
4.26666666666667,0.0287231238681674
4.27083333333333,0.0296626799896872
4.275,0.0306496484651302
4.27916666666667,0.0321743381425764
4.28333333333333,0.0347915486881362
4.2875,0.0375885255108245
4.29166666666667,0.0418986909812591
4.29583333333333,0.0473880217271528
4.3,0.0536358917051
4.30416666666667,0.0576149720336314
4.30833333333333,0.0593006216442997
4.3125,0.0582214882833486
4.31666666666667,0.0546723465751522
4.32083333333333,0.0480075120455868
4.325,0.0404321516395606
4.32916666666667,0.0330051885624159
4.33333333333333,0.0259651286572245
4.3375,0.0189873058138026
4.34166666666667,0.0131378302157899
4.34583333333333,0.0090748988581777
4.35,0.00615822793462228
4.35416666666667,0.00348721644345424
4.35833333333333,0.00104760728951491
4.3625,6.70966330713219e-05
4.36666666666667,0
4.37083333333333,0.000401781175955013
4.375,0.00120279440533247
4.37916666666667,0.00495873250950124
4.38333333333333,0.0113592615986449
4.3875,0.0206404751619121
4.39166666666667,0.0328035167719239
4.39583333333333,0.0504513580480458
4.4,0.0725841325462045
4.40416666666667,0.097999227578587
4.40833333333333,0.123727277535844
4.4125,0.14828162131614
4.41666666666667,0.167470113677404
4.42083333333333,0.177688689511122
4.425,0.17628717352514
4.42916666666667,0.165675523983232
4.43333333333333,0.149143181619955
4.4375,0.13023894443197
4.44166666666667,0.111725909247324
4.44583333333333,0.0978481912580036
4.45,0.0912014415491506
4.45416666666667,0.0902664614563243
4.45833333333333,0.0920841274402927
4.4625,0.0946824361621576
4.46666666666667,0.0970598433815183
4.47083333333333,0.0965273173788423
4.475,0.0919803005581362
4.47916666666667,0.0838410299811698
4.48333333333333,0.0743405240118827
4.4875,0.0635081232178878
4.49166666666667,0.0518464653287344
4.49583333333333,0.0403724201273939
4.5,0.0312414133233822
4.50416666666667,0.0235101218955184
4.50833333333333,0.016685247824708
4.5125,0.0103197915027498
4.51666666666667,0.00650279201301198
4.52083333333333,0.00474499962051962
4.525,0.00377651350515583
4.52916666666667,0.00253050463311421
4.53333333333333,0.00295340774354332
4.5375,0.00513272602300414
4.54166666666667,0.00773643010380053
4.54583333333333,0.0107512886148974
4.55,0.0158346711869293
4.55416666666667,0.0235956836775755
4.55833333333333,0.0322925054002751
4.5625,0.040573516002357
4.56666666666667,0.0484741318590298
4.57083333333333,0.0558392935525141
4.575,0.0604191086099382
4.57916666666667,0.0608115309691153
4.58333333333333,0.0573726364376413
4.5875,0.0518543272004076
4.59166666666667,0.0447047074456447
4.59583333333333,0.0364422987238535
4.6,0.0282401134035648
4.60416666666667,0.0221302706980507
4.60833333333333,0.0182606243781793
4.6125,0.0157953470795934
4.61666666666667,0.0144826598519591
4.62083333333333,0.0147717770671462
4.625,0.0162979731971914
4.62916666666667,0.0175345861531966
4.63333333333333,0.0183084930783169
4.6375,0.019324843235908
4.64166666666667,0.0208839277924974
4.64583333333333,0.0221484419212904
4.65,0.0242366734499165
4.65416666666667,0.0287666848303791
4.65833333333333,0.037505653706668
4.6625,0.0512042719130905
4.66666666666667,0.0711079224358736
4.67083333333333,0.0983563906263319
4.675,0.132183423321172
4.67916666666667,0.169678800767578
4.68333333333333,0.206858034247373
4.6875,0.241108066835682
4.69166666666667,0.268996718068398
4.69583333333333,0.287589787448026
4.7,0.293978049435333
4.70416666666667,0.289509381996931
4.70833333333333,0.276629325870716
4.7125,0.259077353347172
4.71666666666667,0.238188604496416
4.72083333333333,0.217144304530467
4.725,0.196918065973534
4.72916666666667,0.178354945423279
4.73333333333333,0.159943154736129
4.7375,0.142971331478027
4.74166666666667,0.127526844433615
4.74583333333333,0.113164508130438
4.75,0.0979546128890307
4.75416666666667,0.0821169481952027
4.75833333333333,0.0671708611307571
4.7625,0.0535371762399342
4.76666666666667,0.0407453491187273
4.77083333333333,0.0291479405384219
4.775,0.0204724027561131
4.77916666666667,0.0142536421190465
4.78333333333333,0.00967387716144557
4.7875,0.00603769703523033
4.79166666666667,0.004802679206177
4.79583333333333,0.00610533269264953
4.8,0.0100426840422273
4.80416666666667,0.0148493391013208
4.80833333333333,0.0211419070552391
4.8125,0.0277039670392074
4.81666666666667,0.0334228127126582
4.82083333333333,0.0353782752976283
4.825,0.0344058871847686
4.82916666666667,0.031156906975081
4.83333333333333,0.0264241208154768
4.8375,0.0195642835900337
4.84166666666667,0.0124410541181381
4.84583333333333,0.00668229698983593
4.85,0.0025461531511832
4.85416666666667,0
4.85833333333333,0
4.8625,0.00189028344033213
4.86666666666667,0.00695734716697472
4.87083333333333,0.0148689712429495
4.875,0.0255905818080728
4.87916666666667,0.0400958437333798
4.88333333333333,0.0562477791520091
4.8875,0.0719356873256467
4.89166666666667,0.0848174818732408
4.89583333333333,0.0951388226574794
4.9,0.10095516920716
4.90416666666667,0.10217418472387
4.90833333333333,0.0993074806562721
4.9125,0.0964220357318296
4.91666666666667,0.0950857301805089
4.92083333333333,0.0980712522456322
4.925,0.106098218384211
4.92916666666667,0.121326270094994
4.93333333333333,0.141097302632989
4.9375,0.161878662004456
4.94166666666667,0.178827710910147
4.94583333333333,0.190842521566673
4.95,0.195936525122197
4.95416666666667,0.193232326347588
4.95833333333333,0.183302271249105
4.9625,0.170172553913143
4.96666666666667,0.15722332502042
4.97083333333333,0.145080494850986
4.975,0.133398379361018
4.97916666666667,0.122408898847259
4.98333333333333,0.112474198982082
4.9875,0.101829789377757
4.99166666666667,0.0897206621173376
4.99583333333333,0.0764328359950654
5,0.0641729558485861
5.00416666666667,0.0525135282249274
5.00833333333333,0.0415383578508425
5.0125,0.0319414731094115
5.01666666666667,0.0256216202533466
5.02083333333333,0.0214698446313662
5.025,0.0184094370012036
5.02916666666667,0.0174254326948826
5.03333333333333,0.0214320239726407
5.0375,0.0317537119427957
5.04166666666667,0.0492865753430473
5.04583333333333,0.0760219683701939
5.05,0.115815084953922
5.05416666666667,0.170909182462984
5.05833333333333,0.241169997398018
5.0625,0.325482506660328
5.06666666666667,0.423354333228017
5.07083333333333,0.534043241982357
5.075,0.653989969423986
5.07916666666667,0.778952514157048
5.08333333333333,0.90367641234829
5.0875,1.02114406160019
5.09166666666667,1.11925045550854
5.09583333333333,1.18320315862073
5.1,1.19795554516694
5.10416666666667,1.15397731658938
5.10833333333333,1.0540787169012
5.1125,0.916926626175682
5.11666666666667,0.768890211631309
5.12083333333333,0.63219512629627
5.125,0.516679719359016
5.12916666666667,0.422141004448732
5.13333333333333,0.345104609551868
5.1375,0.282657673506289
5.14166666666667,0.232132068038009
5.14583333333333,0.191744531317116
5.15,0.163727060278304
5.15416666666667,0.150799356363781
5.15833333333333,0.155609651900563
5.1625,0.178728566527852
5.16666666666667,0.22279939100338
5.17083333333333,0.288675079514568
5.175,0.375261067082485
5.17916666666667,0.477842951454831
5.18333333333333,0.592583592136152
5.1875,0.714656280395719
5.19166666666667,0.836545025365908
5.19583333333333,0.946175973073922
5.2,1.02898380043177
5.20416666666667,1.06982295897583
5.20833333333333,1.0552289853844
5.2125,0.981101598305707
5.21666666666667,0.860118404534901
5.22083333333333,0.721469139414709
5.225,0.595750140958977
5.22916666666667,0.50482882397621
5.23333333333333,0.457339890420151
5.2375,0.454970521376434
5.24166666666667,0.491912806110991
5.24583333333333,0.560501680300438
5.25,0.651886370105533
5.25416666666667,0.761509448932443
5.25833333333333,0.883973698868468
5.2625,1.01454614240158
5.26666666666667,1.14455043807984
5.27083333333333,1.26348198067838
5.275,1.34958595629116
5.27916666666667,1.36826717538612
5.28333333333333,1.2833998223878
5.2875,1.0946864957441
5.29166666666667,0.848852690397073
5.29583333333333,0.610727791105142
5.3,0.421730598319547
5.30416666666667,0.2904525168321
5.30833333333333,0.20667409166833
5.3125,0.154957971359614
5.31666666666667,0.123240402100097
5.32083333333333,0.102835192688266
5.325,0.0906936227072494
5.32916666666667,0.0841255193194732
5.33333333333333,0.0817131053467966
5.3375,0.0809642609812382
5.34166666666667,0.0836118631030635
5.34583333333333,0.0919086637977511
5.35,0.109166222219936
5.35416666666667,0.137393376393886
5.35833333333333,0.18088848855088
5.3625,0.242722859152582
5.36666666666667,0.323234357942792
5.37083333333333,0.420070696067648
5.375,0.532088382669947
5.37916666666667,0.657934102184641
5.38333333333333,0.795102143387252
5.3875,0.939665968676002
5.39166666666667,1.08706768819536
5.39583333333333,1.23077856901801
5.4,1.35766490325836
5.40416666666667,1.44159543712099
5.40833333333333,1.44183309043317
5.4125,1.32513575798043
5.41666666666667,1.10056140967353
5.42083333333333,0.828133274187803
5.425,0.578035414923154
5.42916666666667,0.390617738351261
5.43333333333333,0.270030276152486
5.4375,0.202302884715035
5.44166666666667,0.169307023098235
5.44583333333333,0.158943991763749
5.45,0.165211944261722
5.45416666666667,0.184085812105568
5.45833333333333,0.209552471716886
5.4625,0.235496996512263
5.46666666666667,0.256306863914965
5.47083333333333,0.266964484570294
5.475,0.263465332562619
5.47916666666667,0.245019773462118
5.48333333333333,0.215662246294726
5.4875,0.181008951355163
5.49166666666667,0.146034987101752
5.49583333333333,0.113612054663938
5.5,0.0862553526669886
5.50416666666667,0.0652055970497652
5.50833333333333,0.0500613832341987
5.5125,0.0383703048316126
5.51666666666667,0.0288411774301432
5.52083333333333,0.0218227688091038
5.525,0.017348304176856
5.52916666666667,0.0135079953861687
5.53333333333333,0.00953976714456897
5.5375,0.0061866276320378
5.54166666666667,0.0044120357798082
5.54583333333333,0.00295990127036539
5.55,0.000997155489032668
5.55416666666667,0
5.55833333333333,0
5.5625,0
5.56666666666667,0.000143737434739572
5.57083333333333,0
5.575,0
5.57916666666667,0
5.58333333333333,0.00117205548103303
5.5875,0.00110259334339424
5.59166666666667,0.00110405415437681
5.59583333333333,0.0013909736398715
5.6,0.000804289862997937
5.60416666666667,0
5.60833333333333,0
5.6125,0.00154001027777243
5.61666666666667,0.0060983665406466
5.62083333333333,0.0149054308918088
5.625,0.0308696539152468
5.62916666666667,0.0580304377809249
5.63333333333333,0.0983106654601428
5.6375,0.152713386869109
5.64166666666667,0.221546000838889
5.64583333333333,0.305725639088696
5.65,0.403020735508027
5.65416666666667,0.50886819644047
5.65833333333333,0.617458016710411
5.6625,0.721826368103844
5.66666666666667,0.809703220403419
5.67083333333333,0.862683259488586
5.675,0.862953573625403
5.67916666666667,0.8023582126635
5.68333333333333,0.690064110093034
5.6875,0.549430749625497
5.69166666666667,0.409452039012447
5.69583333333333,0.291416769144007
5.7,0.204012353614807
5.70416666666667,0.143722416370063
5.70833333333333,0.103898494543637
5.7125,0.0783119249355006
5.71666666666667,0.062368560205394
5.72083333333333,0.0517109057676466
5.725,0.0443084870699774
5.72916666666667,0.0395617227153641
5.73333333333333,0.0378342533435122
5.7375,0.038070754652558
5.74166666666667,0.0394008021736927
5.74583333333333,0.0407823270307623
5.75,0.0425074256230717
5.75416666666667,0.0438105983566035
5.75833333333333,0.0433201018977744
5.7625,0.0405505451667574
5.76666666666667,0.0364813534443265
5.77083333333333,0.0333258752165981
5.775,0.0303801551299552
5.77916666666667,0.0275387937573257
5.78333333333333,0.0243983198853264
5.7875,0.022730596190391
5.79166666666667,0.0214020095559644
5.79583333333333,0.0199475528755086
5.8,0.0176692140341381
5.80416666666667,0.0159578456915918
5.80833333333333,0.0147197262171246
5.8125,0.0137378618597907
5.81666666666667,0.0129347079504478
5.82083333333333,0.0137777031254626
5.825,0.0171850790095155
5.82916666666667,0.0217653092974039
5.83333333333333,0.0263997474835913
5.8375,0.0304033317095399
5.84166666666667,0.0345787904798569
5.84583333333333,0.0371715357499891
5.85,0.0374414262621914
5.85416666666667,0.0340948059229748
5.85833333333333,0.0296000219777481
5.8625,0.0246102797687484
5.86666666666667,0.0197875075096652
5.87083333333333,0.0140098604592632
5.875,0.00915377434375278
5.87916666666667,0.0056959102649702
5.88333333333333,0.00368893934144632
5.8875,0.00195129229104428
5.89166666666667,0.000592868946819225
5.89583333333333,0.000247392180223591
5.9,0.000438818585581177
5.90416666666667,0.000318992904127394
5.90833333333333,0
5.9125,0
5.91666666666667,0
5.92083333333333,0
5.925,0.000480363509074251
5.92916666666667,0.00231793069093646
5.93333333333333,0.0054760404437503
5.9375,0.00945011012978618
5.94166666666667,0.0130210996822661
5.94583333333333,0.0173764631913404
5.95,0.0226425862997468
5.95416666666667,0.0282631668372018
5.95833333333333,0.0324315770908503
5.9625,0.0355218821692067
5.96666666666667,0.0378471371640906
5.97083333333333,0.0392327343960363
5.975,0.0388379226129571
5.97916666666667,0.0371540206796273
5.98333333333333,0.0354744008831924
5.9875,0.0331820515375088
5.99166666666667,0.0297353449297216
5.99583333333333,0.0248026783887124
6,0.0205448949862674
6.00416666666667,0.0166563603317356
6.00833333333333,0.0134231011363024
6.0125,0.00963104394420801
6.01666666666667,0.00696646588400013
6.02083333333333,0.00506884107921801
6.025,0.00438491410415211
6.02916666666667,0.00301007727933658
6.03333333333333,0.00213072459475471
6.0375,0.00161708977327805
6.04166666666667,0.00158842156281975
6.04583333333333,0.000719327642845598
6.05,0
6.05416666666667,0
6.05833333333333,0.00056455929152755
6.0625,0.00205250365191986
6.06666666666667,0.00384521428944075
6.07083333333333,0.00744361774833055
6.075,0.012537096332429
6.07916666666667,0.0185345064691152
6.08333333333333,0.0248903640181553
6.0875,0.033864009547162
6.09166666666667,0.0453712527389399
6.09583333333333,0.0601605493530885
6.1,0.0773541447986227
6.10416666666667,0.0984927736331385
6.10833333333333,0.121203614487688
6.1125,0.143515423622704
6.11666666666667,0.16100710754904
6.12083333333333,0.172325060256678
6.125,0.17495351379904
6.12916666666667,0.168272418092654
6.13333333333333,0.152421773137521
6.1375,0.131175418666528
6.14166666666667,0.108537678552796
6.14583333333333,0.0868277681552588
6.15,0.0674563051700751
6.15416666666667,0.0519224131364774
6.15833333333333,0.0412791888825126
6.1625,0.0338059061978298
6.16666666666667,0.0283689590724124
6.17083333333333,0.0239678800605175
6.175,0.0217224771755008
6.17916666666667,0.0200356469115192
6.18333333333333,0.0184976814221619
6.1875,0.0161224454820534
6.19166666666667,0.0147701143833472
6.19583333333333,0.0131892690943239
6.2,0.011452413788606
6.20416666666667,0.00880141824916529
6.20833333333333,0.00726626578151086
6.2125,0.00693534536727877
6.21666666666667,0.0076001344689065
6.22083333333333,0.00830130921327215
6.225,0.00996182452525049
6.22916666666667,0.0133831244782972
6.23333333333333,0.017736936952212
6.2375,0.02187550735601
6.24166666666667,0.0253673832689899
6.24583333333333,0.0292296848914857
6.25,0.0316858095523789
6.25416666666667,0.0321260160162771
6.25833333333333,0.0300394111279215
6.2625,0.0277870049040067
6.26666666666667,0.0244204250573873
6.27083333333333,0.0207086866131052
6.275,0.0159043605227462
6.27916666666667,0.0121314117278797
6.28333333333333,0.00877691869261261
6.2875,0.00618744235183635
6.29166666666667,0.00327117970054254
6.29583333333333,0.00124772172370612
6.3,0.000560257069073393
6.30416666666667,0.000446314952003323
6.30833333333333,0.000120327759808015
6.3125,0
6.31666666666667,0
6.32083333333333,0.000145372843628223
6.325,0.000811840567612626
6.32916666666667,0.00124860879243181
6.33333333333333,0.00311303978853646
6.3375,0.00506518363939903
6.34166666666667,0.00695551613800782
6.34583333333333,0.00796953811908736
6.35,0.0101485851419031
6.35416666666667,0.0123856204785754
6.35833333333333,0.0141331649972176
6.3625,0.013596569282137
6.36666666666667,0.0124106329994436
6.37083333333333,0.0107863578185866
6.375,0.00877712437395663
6.37916666666667,0.00542158041179753
6.38333333333333,0.00214829020589878
6.3875,0
6.39166666666667,0
6.39583333333333,0.000302518085698391
6.4,0
6.40416666666667,4.61101836393765e-05
6.40833333333333,0
6.4125,0.0010786171396772
6.41666666666667,0.000734613244296013
6.42083333333333,0.000742671118530849
6.425,0
6.42916666666667,0
6.43333333333333,0
6.4375,0
6.44166666666667,0
6.44583333333333,2.27045075126484e-06
6.45,0
6.45416666666667,0
6.45833333333333,0.00189864983305505
6.4625,0.00288557178631047
6.46666666666667,0.00218195116861434
6.47083333333333,0.000721577629382287
6.475,0
6.47916666666667,0
6.48333333333333,0
6.4875,0
6.49166666666667,0.00102072308013356
6.49583333333333,0.00395380843071782
6.5,0.00809817925709512
6.50416666666667,0.012275888981636
6.50833333333333,0.0176700511268781
6.5125,0.0236603234557596
6.51666666666667,0.0296621567195326
6.52083333333333,0.0343554674457429
6.525,0.0385272255843071
6.52916666666667,0.0418561289649415
6.53333333333333,0.0436085381886477
6.5375,0.0423055884808013
6.54166666666667,0.0388800427796328
6.54583333333333,0.0345787124373957
6.55,0.0297381667362271
6.55416666666667,0.0236808263772955
6.55833333333333,0.0169368499582638
6.5625,0.0111068551752922
6.56666666666667,0.00673746974123547
6.57083333333333,0.00374042153589319
6.575,0.00118895763772956
6.57916666666667,0
6.58333333333333,0
6.5875,0.000256555102979307
6.59166666666667,0.000325848102452814
6.59583333333333,0.000832386510941296
6.6,0.00243685480256831
6.60416666666667,0.00494607267683303
6.60833333333333,0.00686254430735818
6.6125,0.00903970041200687
6.61666666666667,0.0122727663664052
6.62083333333333,0.0160914750587001
6.625,0.0194589149696927
6.62916666666667,0.0221750944466286
6.63333333333333,0.0253478515529468
6.6375,0.0285087472235388
6.64166666666667,0.0315873557488886
6.64583333333333,0.0342507555931033
6.65,0.038229238909772
6.65416666666667,0.042727930907576
6.65833333333333,0.0470320569621412
6.6625,0.0490872264223827
6.66666666666667,0.0494128549811216
6.67083333333333,0.0480843155561171
6.675,0.0455480689556802
6.67916666666667,0.0406733148083031
6.68333333333333,0.0337372982251478
6.6875,0.0265559234119786
6.69166666666667,0.020630411769885
6.69583333333333,0.0155381115780868
6.7,0.0103539754563719
6.70416666666667,0.00626859041517891
6.70833333333333,0.00465771875709995
6.7125,0.00530188071461038
6.71666666666667,0.00705441788913389
6.72083333333333,0.0109118271408587
6.725,0.0182844867990881
6.72916666666667,0.0286867985654129
6.73333333333333,0.0393537901848292
6.7375,0.0503877097696122
6.74166666666667,0.06208454499798
6.74583333333333,0.0736523453177671
6.75,0.0820792603437525
6.75416666666667,0.0862656266690127
6.75833333333333,0.0863062466629178
6.7625,0.0826595871355728
6.76666666666667,0.0747780464496698
6.77083333333333,0.0632425121164824
6.775,0.0506288299110568
6.77916666666667,0.0391487471109438
6.78333333333333,0.0294490527299206
6.7875,0.0212762686699117
6.79166666666667,0.0154034527259968
6.79583333333333,0.0120668847299837
6.8,0.0101637042799569
6.80416666666667,0.00781661858668911
6.80833333333333,0.00546863536178752
6.8125,0.00366641006310328
6.81666666666667,0.00310261651242712
6.82083333333333,0.00269040432453835
6.825,0.00271305667014267
6.82916666666667,0.00400222065984568
6.83333333333333,0.00800925959790905
6.8375,0.0134147833555502
6.84166666666667,0.019220673167639
6.84583333333333,0.0255598466560461
6.85,0.0325646237564212
6.85416666666667,0.0383325773055604
6.85833333333333,0.040319702510877
6.8625,0.0383338643627562
6.86666666666667,0.0341167425427348
6.87083333333333,0.0287120451129845
6.875,0.0215480961623879
6.87916666666667,0.0136442965744853
6.88333333333333,0.00667733437805897
6.8875,0.00210622648336061
6.89166666666667,0
6.89583333333333,0
6.9,0
6.90416666666667,0.000643564793575378
6.90833333333333,0.00173465441676422
6.9125,0.00162337926896655
6.91666666666667,0
6.92083333333333,0.00115453804419909
6.925,0.0023960981599128
6.92916666666667,0.00215150304881819
6.93333333333333,0.00102213189161771
6.9375,0
6.94166666666667,0
6.94583333333333,0
6.95,1.44454625254711e-05
6.95416666666667,0
6.95833333333333,0
6.9625,0.0020471791857049
6.96666666666667,0.00246952228177371
6.97083333333333,0.00173556205822431
6.975,0.00122137719492436
6.97916666666667,0.000226351880923282
6.98333333333333,0
6.9875,0
6.99166666666667,0
6.99583333333333,0
7,0.000297312678046347
7.00416666666667,0.00141208517722911
7.00833333333333,0.00366338974116869
7.0125,0.00719287020095265
7.01666666666667,0.0101856059244701
7.02083333333333,0.0120102824374281
7.025,0.0136503348481718
7.02916666666667,0.0166559595338273
7.03333333333333,0.020294473071855
7.0375,0.0243381836924696
7.04166666666667,0.0293117118128641
7.04583333333333,0.0363939516398811
7.05,0.0435738057276084
7.05416666666667,0.0492276808037565
7.05833333333333,0.0524118834290911
7.0625,0.054291125840505
7.06666666666667,0.0536804875536885
7.07083333333333,0.049380841072646
7.075,0.042005220837943
7.07916666666667,0.0337382222250363
7.08333333333333,0.0259991234140572
7.0875,0.0182568269590935
7.09166666666667,0.0111721636279226
7.09583333333333,0.00559995417162745
7.1,0.00289037827284347
7.10416666666667,0.00125707972105083
7.10833333333333,0.000189820836614621
7.1125,0
7.11666666666667,0.00219788391521759
7.12083333333333,0.00584869045220876
7.125,0.0112277078077994
7.12916666666667,0.0200620355310689
7.13333333333333,0.0360243741727663
7.1375,0.0605146446509195
7.14166666666667,0.0947150633760437
7.14583333333333,0.141118297509906
7.15,0.202699075983891
7.15416666666667,0.280182461619196
7.15833333333333,0.37131875930714
7.1625,0.47393147093403
7.16666666666667,0.585501903060632
7.17083333333333,0.701421697228683
7.175,0.81255915918312
7.17916666666667,0.907818291089534
7.18333333333333,0.973814607879058
7.1875,0.996199907401349
7.19166666666667,0.962139259626264
7.19583333333333,0.872068335525332
7.2,0.742011962998291
7.20416666666667,0.598429794652732
7.20833333333333,0.463039387937642
7.2125,0.348900654225217
7.21666666666667,0.260226451465281
7.22083333333333,0.195880438943219
7.225,0.150562327697334
7.22916666666667,0.118281044124865
7.23333333333333,0.0952178935879882
7.2375,0.0792730796124894
7.24166666666667,0.0688587673268236
7.24583333333333,0.0607647929779773
7.25,0.0536950412269601
7.25416666666667,0.0476632548316097
7.25833333333333,0.0434013318085284
7.2625,0.0389634239305792
7.26666666666667,0.0343050435716265
7.27083333333333,0.0295293658768202
7.275,0.0263203172433971
7.27916666666667,0.0236577172238527
7.28333333333333,0.021019373684539
7.2875,0.0179464000009899
7.29166666666667,0.0157734404335472
7.29583333333333,0.0142774931657584
7.3,0.0128478435264126
7.30416666666667,0.0110009721698419
7.30833333333333,0.00991236642817441
7.3125,0.0106327640509007
7.31666666666667,0.0117791882633044
7.32083333333333,0.0122430279000178
7.325,0.0127326167038538
7.32916666666667,0.0151167892523493
7.33333333333333,0.0176968842966644
7.3375,0.0196982632319757
7.34166666666667,0.0212676351159733
7.34583333333333,0.0242713798350652
7.35,0.0272868732899901
7.35416666666667,0.0294986742939832
7.35833333333333,0.0306708825617819
7.3625,0.0318970468899267
7.36666666666667,0.0320495641550916
7.37083333333333,0.030114612536121
7.375,0.0262834620315588
7.37916666666667,0.0222227582659922
7.38333333333333,0.0183590884332906
7.3875,0.0144391231997774
7.39166666666667,0.0106284981733452
7.39583333333333,0.00764654679160317
7.4,0.00590602486277792
7.40416666666667,0.00412263477272547
7.40833333333333,0.00177005052666741
7.4125,0
7.41666666666667,0
7.42083333333333,0
7.425,0
7.42916666666667,0
7.43333333333333,0.000827925608758268
7.4375,0.0105372808395968
7.44166666666667,0.0264875518193081
7.44583333333333,0.0493919868435977
7.45,0.0813497273634301
7.45416666666667,0.122518228686197
7.45833333333333,0.169828660643498
7.4625,0.219280072866598
7.46666666666667,0.267102959060218
7.47083333333333,0.309347228621899
7.475,0.338725178261371
7.47916666666667,0.349951583820249
7.48333333333333,0.340590186081719
7.4875,0.313355911137814
7.49166666666667,0.271980438002101
7.49583333333333,0.22277797490351
7.5,0.171786695012537
7.50416666666667,0.126231560721924
7.50833333333333,0.0891747763084063
7.5125,0.0606268487755998
7.51666666666667,0.0390960552481788
7.52083333333333,0.0248324469599927
7.525,0.0167301152116686
7.52916666666667,0.0120182013873067
7.53333333333333,0.00880449461725007
7.5375,0.00686226817207619
7.54166666666667,0.00632561335241234
7.54583333333333,0.00519953130863558
7.55,0.00305967427626452
7.55416666666667,0
7.55833333333333,0.00571681542284568
7.5625,0.0109072800093965
7.56666666666667,0.0148049424893281
7.57083333333333,0.0169510978360559
7.575,0.0188231178176529
7.57916666666667,0.0193260035844962
7.58333333333333,0.0176160167210192
7.5875,0.0139673236530581
7.59166666666667,0.0101964029934271
7.59583333333333,0.00725249629317096
7.6,0.00463502874273339
7.60416666666667,0.00179310833723247
7.60833333333333,0
7.6125,0
7.61666666666667,0
7.62083333333333,0
7.625,0
7.62916666666667,0
7.63333333333333,0.000379848115333041
7.6375,0.0022053974386038
7.64166666666667,0.00444068623015327
7.64583333333333,0.00880390428810469
7.65,0.0148872230466413
7.65416666666667,0.021846478380681
7.65833333333333,0.028028190639265
7.6625,0.0345759168993144
7.66666666666667,0.0417289821843283
7.67083333333333,0.0482820836530656
7.675,0.0532230780218141
7.67916666666667,0.0579833762058634
7.68333333333333,0.064555168205459
7.6875,0.0723166633781908
7.69166666666667,0.0807411795958392
7.69583333333333,0.0902235372343583
7.7,0.102938974031972
7.70416666666667,0.11741475610754
7.70833333333333,0.13172253188376
7.7125,0.144125235259124
7.71666666666667,0.155376292619603
7.72083333333333,0.163478696294406
7.725,0.166754203220422
7.72916666666667,0.163954436778613
7.73333333333333,0.15683169647682
7.7375,0.146372179986488
7.74166666666667,0.13327644224117
7.74583333333333,0.118300847857217
7.75,0.103977938412589
7.75416666666667,0.0921571836989321
7.75833333333333,0.0822765760454553
7.7625,0.0735826386661762
7.76666666666667,0.0659183388485681
7.77083333333333,0.0604761430453796
7.775,0.0561823991784745
7.77916666666667,0.0524290812131223
7.78333333333333,0.0489529460862119
7.7875,0.0477162098331297
7.79166666666667,0.0479289682889281
7.79583333333333,0.0487942972552707
7.8,0.0493956898960914
7.80416666666667,0.0510086427142223
7.80833333333333,0.0534629593911265
7.8125,0.0564186689838934
7.81666666666667,0.0595146486297456
7.82083333333333,0.0648460358999628
7.825,0.0743033606863584
7.82916666666667,0.0884208924466898
7.83333333333333,0.107289828852403
7.8375,0.131124161826331
7.84166666666667,0.15980479839981
7.84583333333333,0.190958068252218
7.85,0.221737194124202
7.85416666666667,0.24853997250436
7.85833333333333,0.268820652301988
7.8625,0.279050844696834
7.86666666666667,0.27752968173676
7.87083333333333,0.264822831362782
7.875,0.245705210263831
7.87916666666667,0.224239272691441
7.88333333333333,0.203711913631703
7.8875,0.18596042873849
7.89166666666667,0.174324500977859
7.89583333333333,0.171162878424383
7.9,0.176238624678512
7.90416666666667,0.186775654759727
7.90833333333333,0.200935154138259
7.9125,0.217679702274323
7.91666666666667,0.234223898661526
7.92083333333333,0.247920047300982
7.925,0.257532781075279
7.92916666666667,0.264069512499723
7.93333333333333,0.267763246744046
7.9375,0.26944842470419
7.94166666666667,0.26896855238461
7.94583333333333,0.268302511415805
7.95,0.267200160055988
7.95416666666667,0.264217007648513
7.95833333333333,0.256256935823879
7.9625,0.243737156763503
7.96666666666667,0.227409256605397
7.97083333333333,0.207953427497589
7.975,0.185442432539695
7.97916666666667,0.162370370390593
7.98333333333333,0.142004177772603
7.9875,0.125129681224404
7.99166666666667,0.110961647184509
7.99583333333333,0.0992386567825824
8,0.0909681392284222
8.00416666666667,0.0846556644491926
8.00833333333333,0.0790685796230994
8.0125,0.0730267457883365
8.01666666666667,0.0675613560549815
8.02083333333333,0.0622072513124618
8.025,0.0565621021663987
8.02916666666667,0.0494204573526303
8.03333333333333,0.0423528589291987
8.0375,0.0366781544633276
8.04166666666667,0.0326476790013728
8.04583333333333,0.029774645719907
8.05,0.0290930858255532
8.05416666666667,0.0318106866184234
8.05833333333333,0.0371857948310169
8.0625,0.04363812614408
8.06666666666667,0.0503042326323492
8.07083333333333,0.0577808583572053
8.075,0.0648285286821993
8.07916666666667,0.069467435081066
8.08333333333333,0.0702621262896437
8.0875,0.0686179523793297
8.09166666666667,0.0648804387136752
8.09583333333333,0.0592074645794365
8.1,0.0512079192800647
8.10416666666667,0.043106885775104
8.10833333333333,0.035853854369675
8.1125,0.0294062035158094
8.11666666666667,0.0226043834518495
8.12083333333333,0.0165378010104618
8.125,0.0123478162797383
8.12916666666667,0.00974104811237843
8.13333333333333,0.00773753773169967
8.1375,0.00653213437437498
8.14166666666667,0.00738560547407229
8.14583333333333,0.00942362664476
8.15,0.0115785512967338
8.15416666666667,0.0129653622225932
8.15833333333333,0.0147020054870579
8.1625,0.0158901750680363
8.16666666666667,0.0159861475811661
8.17083333333333,0.0136054943372141
8.175,0.0109139414271238
8.17916666666667,0.00879380582640186
8.18333333333333,0.00753162954125938
8.1875,0.00552576507562009
8.19166666666667,0.00373584206195524
8.19583333333333,0.00284266709433878
8.2,0.0026063539454755
8.20416666666667,0.00196634860843755
8.20833333333333,0.000950410932724584
8.2125,0.000409222303729427
8.21666666666667,0
8.22083333333333,0.000167776186531996
8.225,0
8.22916666666667,0
8.23333333333333,0
8.2375,0
8.24166666666667,0.000515077567862364
8.24583333333333,0
8.25,0.00201203069777187
8.25416666666667,0.00278220565671372
8.25833333333333,0.00202161154610071
8.2625,0.00175318350758606
8.26666666666667,0
8.27083333333333,2.82406493625912e-05
8.275,0
8.27916666666667,0.00121543802498794
8.28333333333333,0.00602440526827995
8.2875,0.0146156953434391
8.29166666666667,0.02762696793302
8.29583333333333,0.0464110830534674
8.3,0.0732173030584544
8.30416666666667,0.106824305994475
8.30833333333333,0.146118824999845
8.3125,0.188572776852276
8.31666666666667,0.232099071651685
8.32083333333333,0.271579484272615
8.325,0.302270647686434
8.32916666666667,0.319101790857833
8.33333333333333,0.320827660280721
8.3375,0.307504731160667
8.34166666666667,0.281464923115942
8.34583333333333,0.245948293019141
8.35,0.206553996920503
8.35416666666667,0.168358835878103
8.35833333333333,0.13433760761112
8.3625,0.105375301825376
8.36666666666667,0.0815563155722721
8.37083333333333,0.0635730676060433
8.375,0.0506099800198249
8.37916666666667,0.0412881610503248
8.38333333333333,0.0336218825402605
8.3875,0.0282614513907805
8.39166666666667,0.0251133848536173
8.39583333333333,0.0234173554392683
8.4,0.0212345965931223
8.40416666666667,0.0194179110427048
8.40833333333333,0.0183698344036886
8.4125,0.0174471176506778
8.41666666666667,0.0150319792040194
8.42083333333333,0.0120570631935763
8.425,0.0099823676724166
8.42916666666667,0.0084607454515386
8.43333333333333,0.00624162697132272
8.4375,0.00358489342340137
8.44166666666667,0.00218650279406487
8.44583333333333,0.00159126949698252
8.45,0.00089205469039781
8.45416666666667,0
8.45833333333333,0
8.4625,0.000933473406163478
8.46666666666667,0.00321615159252842
8.47083333333333,0.00555503886862211
8.475,0.0092313770270787
8.47916666666667,0.0139541707987626
8.48333333333333,0.0188689357659575
8.4875,0.0224171307496782
8.49166666666667,0.0254865501302051
8.49583333333333,0.028582125182643
8.5,0.0302772178999599
8.50416666666667,0.0297454887791361
8.50833333333333,0.0277423061670292
8.5125,0.0261582523936486
8.51666666666667,0.0241262770843748
8.52083333333333,0.0215005288201761
8.525,0.0187525601886985
8.52916666666667,0.0180244329595583
8.53333333333333,0.0185806379507853
8.5375,0.0202115674829138
8.54166666666667,0.0225858693021876
8.54583333333333,0.027340162774216
8.55,0.0335042809540907
8.55416666666667,0.0401572806030807
8.55833333333333,0.0456449463622543
8.5625,0.0509564935905431
8.56666666666667,0.0560697603513861
8.57083333333333,0.0600975930554679
8.575,0.06161502509177
8.57916666666667,0.0610237426038651
8.58333333333333,0.0599312998488485
8.5875,0.0576380808000087
8.59166666666667,0.0533891772770454
8.59583333333333,0.0474367261747832
8.6,0.0420480229857097
8.60416666666667,0.0370443114493908
8.60833333333333,0.0325678536693324
8.6125,0.0280891671747498
8.61666666666667,0.0261357561392657
8.62083333333333,0.0276920779919284
8.625,0.0336181911634559
8.62916666666667,0.0434571924818948
8.63333333333333,0.0599028966383973
8.6375,0.0848468729151001
8.64166666666667,0.11915599944222
8.64583333333333,0.162006327972679
8.65,0.213883142312821
8.65416666666667,0.27568347084328
8.65833333333333,0.346380877837846
8.6625,0.423244152945935
8.66666666666667,0.504045474798598
8.67083333333333,0.587323307502679
8.675,0.668488953228464
8.67916666666667,0.741743096450075
8.68333333333333,0.800038408286043
8.6875,0.83679225100682
8.69166666666667,0.84358046768419
8.69583333333333,0.815097198551878
8.7,0.751486767483005
8.70416666666667,0.662669658617804
8.70833333333333,0.56230184858399
8.7125,0.46309690165535
8.71666666666667,0.373331979768447
8.72083333333333,0.298819002789724
8.725,0.241220149350233
8.72916666666667,0.1984023727054
8.73333333333333,0.166626223773422
8.7375,0.143353355308889
8.74166666666667,0.127273642103121
8.74583333333333,0.115876274473313
8.75,0.106798230716627
8.75416666666667,0.0979838180116938
8.75833333333333,0.090194046375208
8.7625,0.0831580059574199
8.76666666666667,0.0770368570254415
8.77083333333333,0.070824397575934
8.775,0.0661215541531377
8.77916666666667,0.063777642282929
8.78333333333333,0.0649413013643063
8.7875,0.0689931574406752
8.79166666666667,0.0772777848025199
8.79583333333333,0.0905531634164514
8.8,0.108609009476126
8.80416666666667,0.129544897272027
8.80833333333333,0.153348472880951
8.8125,0.180414193731944
8.81666666666667,0.20979405481666
8.82083333333333,0.240316511894698
8.825,0.271435838755708
8.82916666666667,0.304476851760291
8.83333333333333,0.340024100157194
8.8375,0.379462949874112
8.84166666666667,0.423966386900349
8.84583333333333,0.477338862296845
8.85,0.542851923997622
8.85416666666667,0.622120530138235
8.85833333333333,0.714810532009497
8.8625,0.822308106444793
8.86666666666667,0.945705490377674
8.87083333333333,1.08426573877174
8.875,1.23513874298459
8.87916666666667,1.39643954462422
8.88333333333333,1.56736537227694
8.8875,1.74723986521354
8.89166666666667,1.93266093649444
8.89583333333333,2.11746597330361
8.9,2.29319707901868
8.90416666666667,2.44440260910408
8.90833333333333,2.54075512603593
8.9125,2.53397327743226
8.91666666666667,2.38034214663731
8.92083333333333,2.08014012250449
8.925,1.695438273353
8.92916666666667,1.31036447885428
8.93333333333333,0.984139899147229
8.9375,0.735491253636185
8.94166666666667,0.560382924496767
8.94583333333333,0.443400587727635
8.95,0.369420712315763
8.95416666666667,0.32694079395931
8.95833333333333,0.308929947722043
8.9625,0.307901854610971
8.96666666666667,0.316525404314235
8.97083333333333,0.329207015735337
8.975,0.342054635323688
8.97916666666667,0.350949581815844
8.98333333333333,0.35138385007524
8.9875,0.341873224614725
8.99166666666667,0.323150501633294
8.99583333333333,0.297964612555317
9,0.26814701802052
9.00416666666667,0.237136501253504
9.00833333333333,0.207336775391636
9.0125,0.181207773361621
9.01666666666667,0.158094666785385
9.02083333333333,0.137981150475935
9.025,0.120849066157794
9.02916666666667,0.107449220497058
9.03333333333333,0.0962443901097349
9.0375,0.0864172681393823
9.04166666666667,0.0778195794490889
9.04583333333333,0.071598015512962
9.05,0.0672003362525209
9.05416666666667,0.0638448191185007
9.05833333333333,0.0621876714447749
9.0625,0.0633614528189732
9.06666666666667,0.0671988063011794
9.07083333333333,0.0715769075057345
9.075,0.0771271307114202
9.07916666666667,0.0834968268247309
9.08333333333333,0.0906232716269526
9.0875,0.0962975639377683
9.09166666666667,0.100644291725442
9.09583333333333,0.103547366831361
9.1,0.105575342165357
9.10416666666667,0.105527830737431
9.10833333333333,0.102784620849736
9.1125,0.0980644490515068
9.11666666666667,0.0927923957984849
9.12083333333333,0.0866262377066811
9.125,0.0788127664171475
9.12916666666667,0.0702798670600848
9.13333333333333,0.0626160591563448
9.1375,0.0554967403569962
9.14166666666667,0.0481311981294686
9.14583333333333,0.0413573426456989
9.15,0.0366304964315471
9.15416666666667,0.034500155635578
9.15833333333333,0.0336218598120322
9.1625,0.0333224339909436
9.16666666666667,0.0341795045379051
9.17083333333333,0.0372728405109211
9.175,0.0408069458800152
9.17916666666667,0.0433509573314795
9.18333333333333,0.0448286649268591
9.1875,0.0463963826632653
9.19166666666667,0.0474343310486606
9.19583333333333,0.0469046254157154
9.2,0.0449345647364991
9.20416666666667,0.0429430256124634
9.20833333333333,0.0418687594363789
9.2125,0.0404099165993466
9.21666666666667,0.0385037042537365
9.22083333333333,0.0371968954951572
9.225,0.0381398026512708
9.22916666666667,0.0396902088343803
9.23333333333333,0.0412675165223983
9.2375,0.0433709278593474
9.24166666666667,0.0476045698640415
9.24583333333333,0.0524638383365969
9.25,0.0570566082090159
9.25416666666667,0.0609112802897622
9.25833333333333,0.0646088680751122
9.2625,0.0672408608543305
9.26666666666667,0.0679037479166819
9.27083333333333,0.0671231170489269
9.275,0.0669416595436692
9.27916666666667,0.069376732803696
9.28333333333333,0.075180869523948
9.2875,0.086376251815059
9.29166666666667,0.106047641086494
9.29583333333333,0.137103321285281
9.3,0.179418963670634
9.30416666666667,0.233532852189582
9.30833333333333,0.30067080000451
9.3125,0.381637935803681
9.31666666666667,0.473554955888047
9.32083333333333,0.574028132518492
9.325,0.680853487538537
9.32916666666667,0.792289296547965
9.33333333333333,0.903754811774271
9.3375,1.00986995942879
9.34166666666667,1.10484688072428
9.34583333333333,1.18255697092034
9.35,1.23524650744264
9.35416666666667,1.25502052474479
9.35833333333333,1.23878449968445
9.3625,1.19045603766683
9.36666666666667,1.11932671738596
9.37083333333333,1.03488913589983
9.375,0.946264947027665
9.37916666666667,0.859478208595397
9.38333333333333,0.777322753053319
9.3875,0.697574891983612
9.39166666666667,0.618224083879975
9.39583333333333,0.538568409940617
9.4,0.460772094936368
9.40416666666667,0.386189305207337
9.40833333333333,0.31740498338746
9.4125,0.256718504497983
9.41666666666667,0.206252231874008
9.42083333333333,0.165203770920756
9.425,0.131852546742946
9.42916666666667,0.105829228184861
9.43333333333333,0.0874088330056453
9.4375,0.0755724140228722
9.44166666666667,0.0672086951726462
9.44583333333333,0.0619590715096028
9.45,0.0603465407594957
9.45416666666667,0.0630283327015015
9.45833333333333,0.0689272614219749
9.4625,0.0772307987702092
9.46666666666667,0.0871477605020083
9.47083333333333,0.0982264782329426
9.475,0.108840099939183
9.47916666666667,0.117122282778871
9.48333333333333,0.122379304945207
9.4875,0.124870224264111
9.49166666666667,0.123316202067347
9.49583333333333,0.116783700187514
9.5,0.106184080290265
9.50416666666667,0.0932265713346752
9.50833333333333,0.0798118510178098
9.5125,0.0655824267796516
9.51666666666667,0.051394574337333
9.52083333333333,0.038838104205701
9.525,0.0306024679680503
9.52916666666667,0.025535047090814
9.53333333333333,0.0229973799686389
9.5375,0.0230725993200447
9.54166666666667,0.0272023353593777
9.54583333333333,0.0342208142943065
9.55,0.042252721430997
9.55416666666667,0.0502946202058323
9.55833333333333,0.0583581408331586
9.5625,0.0653872340615458
9.56666666666667,0.0692795902055073
9.57083333333333,0.0696957292957498
9.575,0.0668999860541322
9.57916666666667,0.062091853800176
9.58333333333333,0.0545756672557401
9.5875,0.0452098679874244
9.59166666666667,0.0353269042396253
9.59583333333333,0.0271477551415472
9.6,0.0200717136788219
9.60416666666667,0.0140560361092012
9.60833333333333,0.010061709909135
9.6125,0.0105067843246891
9.61666666666667,0.0164002768823966
9.62083333333333,0.0278138929218127
9.625,0.0452648469644621
9.62916666666667,0.0700879996086645
9.63333333333333,0.103317376728199
9.6375,0.143792613545758
9.64166666666667,0.190666316903401
9.64583333333333,0.242879081957044
9.65,0.299639942927711
9.65416666666667,0.357195396473822
9.65833333333333,0.411971179654464
9.6625,0.459797261582147
9.66666666666667,0.497952309199096
9.67083333333333,0.520985591868762
9.675,0.524308100657645
9.67916666666667,0.506566020386189
9.68333333333333,0.471070725983375
9.6875,0.422140653751781
9.69166666666667,0.365162061362935
9.69583333333333,0.30700043019454
9.7,0.254041091373882
9.70416666666667,0.210042097230251
9.70833333333333,0.17501187571898
9.7125,0.148086759636805
9.71666666666667,0.128252814668608
9.72083333333333,0.115023435380739
9.725,0.105703552232707
9.72916666666667,0.0980288385888588
9.73333333333333,0.0903172883477665
9.7375,0.0830690990807899
9.74166666666667,0.0749136085930115
9.74583333333333,0.0655207974274106
9.75,0.0553369149082685
9.75416666666667,0.0459042287238065
9.75833333333333,0.0369187377809435
9.7625,0.0278141955775837
9.76666666666667,0.0190419766466895
9.77083333333333,0.0120665773910062
9.775,0.00753635064065845
9.77916666666667,0.0041436559035668
9.78333333333333,0.00152437522521459
9.7875,0
9.79166666666667,1.21085782217485e-05
9.79583333333333,0.000569075348294104
9.8,0.00113656532731969
9.80416666666667,0.00158738042722591
9.80833333333333,0.00285682673356281
9.8125,0.00382586976426789
9.81666666666667,0.00399073380188629
9.82083333333333,0.00336055631761082
9.825,0.00298248813822699
9.82916666666667,0.00241530780337494
9.83333333333333,0.00111186730845463
9.8375,0
9.84166666666667,0.000978520655943158
9.84583333333333,0.00421709089455357
9.85,0.00864398066022268
9.85416666666667,0.0148419281990878
9.85833333333333,0.0242212510561175
9.8625,0.0382038360584174
9.86666666666667,0.0556809940731599
9.87083333333333,0.0762896870526593
9.875,0.10079443955357
9.87916666666667,0.130038281975619
9.88333333333333,0.162178259743574
9.8875,0.194821368198732
9.89166666666667,0.226516505854341
9.89583333333333,0.256024365881414
9.9,0.280377110566154
9.90416666666667,0.296463838755701
9.90833333333333,0.302272497377327
9.9125,0.297626876430091
9.91666666666667,0.283660565579161
9.92083333333333,0.261532847311076
9.925,0.233255499938751
9.92916666666667,0.202489433661579
9.93333333333333,0.173614239814178
9.9375,0.148001596542517
9.94166666666667,0.126344659455006
9.94583333333333,0.109514297014808
9.95,0.0990617700056253
9.95416666666667,0.0937353842862817
9.95833333333333,0.092028554229793
9.9625,0.0935440598185233
9.96666666666667,0.0986489882134681
9.97083333333333,0.106460451617359
9.975,0.115214068075999
9.97916666666667,0.12431684127793
9.98333333333333,0.133622335846585
9.9875,0.143156587190037
9.99166666666667,0.150629403671285
9.99583333333333,0.155142455089053
10,0.156981359489147
10.0041666666667,0.157350917507799
10.0083333333333,0.154909495264202
10.0125,0.148949111716985
10.0166666666667,0.140254691817399
10.0208333333333,0.131177712430651
10.025,0.122155326548824
10.0291666666667,0.112467124559664
10.0333333333333,0.102404917218194
10.0375,0.0934019009221748
10.0416666666667,0.0858864890977484
10.0458333333333,0.0785709098622084
10.05,0.0713131759739169
10.0541666666667,0.0642567926787153
10.0583333333333,0.0585372769085884
10.0625,0.053037107198192
10.0666666666667,0.0476833363726664
10.0708333333333,0.0426451624992216
10.075,0.0390719756317125
10.0791666666667,0.0357989003815895
10.0833333333333,0.0320919461683167
10.0875,0.0284467384380691
10.0916666666667,0.0256127423699102
10.0958333333333,0.0232940642113506
10.1,0.0202634245671632
10.1041666666667,0.0166189947933728
10.1083333333333,0.0130645472476737
10.1125,0.0100475103812496
10.1166666666667,0.00695512065863947
10.1208333333333,0.00386725227393171
10.125,0.00116772766829309
10.1291666666667,1.99936568470935e-05
10.1333333333333,0
10.1375,0
10.1416666666667,0
10.1458333333333,0.00022636152927212
10.15,0.00107533704387965
10.1541666666667,0.00216371225710969
10.1583333333333,0.00315006754001208
10.1625,0.00525161431538976
10.1666666666667,0.00760094797933439
10.1708333333333,0.00933819586830205
10.175,0.00979157316365212
10.1791666666667,0.00974262857334926
10.1833333333333,0.0103083338144512
10.1875,0.0106042625106944
10.1916666666667,0.0101988764327266
10.1958333333333,0.0089428076350018
10.2,0.00870861638566393
10.2041666666667,0.00824822021496005
10.2083333333333,0.00715205919070003
10.2125,0.00518188389822276
10.2166666666667,0.00417765861234981
10.2208333333333,0.00340864643928816
10.225,0.00224137258875085
10.2291666666667,0
10.2333333333333,0.00182859496789749
10.2375,0.0049289713332011
10.2416666666667,0.00892848903016469
10.2458333333333,0.0130778886274326
10.25,0.0180895300592588
10.2541666666667,0.0247167498876099
10.2583333333333,0.0315166993656047
10.2625,0.0374512793289995
10.2666666666667,0.0420114223330831
10.2708333333333,0.0462922846393214
10.275,0.0484929039782956
10.2791666666667,0.0476872262608871
10.2833333333333,0.0442404244430526
10.2875,0.0404984561218173
10.2916666666667,0.0355576461730045
10.2958333333333,0.0285807218096657
10.3,0.0207598843683923
10.3041666666667,0.0142674520472108
10.3083333333333,0.0093995159990731
10.3125,0.00513498039863367
10.3166666666667,0.00173895142388591
10.3208333333333,0
10.325,0
10.3291666666667,0
10.3333333333333,0
10.3375,0.0013854986254279
10.3416666666667,0.004574983505355
10.3458333333333,0.00783657415156507
10.35,0.0106787153070763
10.3541666666667,0.0125027705447315
10.3583333333333,0.0147030583622482
10.3625,0.0166511259718681
10.3666666666667,0.0177765589831617
10.3708333333333,0.0172762885816596
10.375,0.0164786149011395
10.3791666666667,0.0156824140353123
10.3833333333333,0.01436414137672
10.3875,0.0123625728521286
10.3916666666667,0.010460541149573
10.3958333333333,0.00949511101051019
10.4,0.00821323866220688
10.4041666666667,0.00626843291957594
10.4083333333333,0.00375599725529314
10.4125,0.00262999974971383
10.4166666666667,0.00196692083711644
10.4208333333333,0.0012015965444338
10.425,0
10.4291666666667,0
10.4333333333333,0
10.4375,0
10.4416666666667,0
10.4458333333333,0
10.45,0.00048303307996287
10.4541666666667,0.000751565756572328
10.4583333333333,0
10.4625,0
10.4666666666667,0.000783728477803121
10.4708333333333,0.00124882609507155
10.475,0.000649304612265304
10.4791666666667,0
10.4833333333333,0.000284787870978888
10.4875,0.000429927203358417
10.4916666666667,0.000190492712009153
10.4958333333333,0
10.5,0.000121511808259964
10.5041666666667,0.00165658193180188
10.5083333333333,0.00328759556096272
10.5125,0.00490081202087251
10.5166666666667,0.00745625776031821
10.5208333333333,0.0109505554123467
10.525,0.0138431573261984
10.5291666666667,0.0156802604254044
10.5333333333333,0.0173201484448478
10.5375,0.0194318313297628
10.5416666666667,0.020304786471126
10.5458333333333,0.0196838585387122
10.55,0.0181425816847669
10.5541666666667,0.0174186720314856
10.5583333333333,0.0164782764189269
10.5625,0.0145651126387355
10.5666666666667,0.0117022724391501
10.5708333333333,0.00965630332800881
10.575,0.00823382793835864
10.5791666666667,0.00628268760107625
10.5833333333333,0.00432724284570265
10.5875,0.00321970895970861
10.5916666666667,0.00310742643924632
10.5958333333333,0.00235150873539276
10.6,0.00162224292192945
10.6041666666667,0.00124414812606008
10.6083333333333,0.00178997385896176
10.6125,0.00161898883047608
10.6166666666667,0.00105684739318247
10.6208333333333,0.000506332447239695
10.625,0
10.6291666666667,0.000711027019981658
10.6333333333333,0.000499191168351239
10.6375,0
10.6416666666667,0
10.6458333333333,0.000461914684206824
10.65,0.000488484728350148
10.6541666666667,1.13401245466077e-05
10.6583333333333,0
10.6625,0
10.6666666666667,0
10.6708333333333,0
10.675,0
10.6791666666667,0.000118967989423163
10.6833333333333,0.000278405042833409
10.6875,0.000226532735736626
10.6916666666667,1.4452443304943e-05
10.6958333333333,0.000802514288623445
10.7,0.00179134385387576
10.7041666666667,0.00248144985980991
10.7083333333333,0.00270591197875994
10.7125,0.00348920387304292
10.7166666666667,0.00432304461399113
10.7208333333333,0.0042913152094978
10.725,0.003357036901179
10.7291666666667,0.00263884027956559
10.7333333333333,0.00269217563468767
10.7375,0.00229271863220143
10.7416666666667,0.00125884944527548
10.7458333333333,0
10.75,0
10.7541666666667,0
10.7583333333333,0
10.7625,0.000923525967588185
10.7666666666667,0
10.7708333333333,0
10.775,0
10.7791666666667,0.00155960421340033
10.7833333333333,0
10.7875,0
10.7916666666667,0
10.7958333333333,0.000765817509482434
10.8,0.000738688942121223
10.8041666666667,0
10.8083333333333,0
10.8125,0.00116102158594635
10.8166666666667,0.00100510739910929
10.8208333333333,0
10.825,0
10.8291666666667,0.000680993383525473
10.8333333333333,6.29904797106451e-05
10.8375,0.000313152600588895
10.8416666666667,0
10.8458333333333,0
10.85,0
10.8541666666667,0
10.8583333333333,0
10.8625,0
10.8666666666667,0
10.8708333333333,0
10.875,0
10.8791666666667,0
10.8833333333333,0
10.8875,0
10.8916666666667,0
10.8958333333333,0
10.9,0.000171516613921084
10.9041666666667,0
10.9083333333333,0
10.9125,0
10.9166666666667,0
10.9208333333333,0
10.925,0
10.9291666666667,0
10.9333333333333,0
10.9375,0
10.9416666666667,0
10.9458333333333,0
10.95,0
10.9541666666667,0
10.9583333333333,0
10.9625,0
10.9666666666667,0
10.9708333333333,0
10.975,0
10.9791666666667,0
10.9833333333333,0
10.9875,0
10.9916666666667,0
10.9958333333333,0
11,0
11.0041666666667,0.00041945552235173
11.0083333333333,0.000659145818711078
11.0125,5.59804736936752e-05
11.0166666666667,0
11.0208333333333,0
11.025,0.00120227593251898
11.0291666666667,0.00104682981892835
11.0333333333333,0.00110237049911838
11.0375,0
11.0416666666667,0
11.0458333333333,0.000600886611811405
11.05,7.77163049538246e-05
11.0541666666667,0.00012719386363301
11.0583333333333,0
11.0625,0
11.0666666666667,0
11.0708333333333,0.000128396577088099
11.075,0
11.0791666666667,0
11.0833333333333,0.00150159800406536
11.0875,0
11.0916666666667,0
11.0958333333333,0
11.1,0.000889865895568463
11.1041666666667,0.0013010065049447
11.1083333333333,0
11.1125,0
11.1166666666667,0.000715945002037151
11.1208333333333,0.000767954495539572
11.125,0
11.1291666666667,0
11.1333333333333,0
11.1375,0
11.1416666666667,0
11.1458333333333,0
11.15,0
11.1541666666667,0
11.1583333333333,0
11.1625,0
11.1666666666667,0
11.1708333333333,0
11.175,0
11.1791666666667,0
11.1833333333333,0
11.1875,0.00156297996661095
11.1916666666667,0
11.1958333333333,0
11.2,0
11.2041666666667,0
11.2083333333333,0
11.2125,0
11.2166666666667,0
11.2208333333333,0
11.225,0
11.2291666666667,0
11.2333333333333,0
11.2375,0.0012058305509182
11.2416666666667,0.00175356636060097
11.2458333333333,0.00237489983305502
11.25,0.00320005634390642
11.2541666666667,0.00418618948247075
11.2583333333333,0.00406450959933219
11.2625,0.00343459098497492
11.2666666666667,0.002992209933222
11.2708333333333,0.0026901961602671
11.275,0.00166051961602669
11.2791666666667,0
11.2833333333333,0
11.2875,0.00118404006677795
11.2916666666667,0.00130348914858094
11.2958333333333,0.000742462437395605
11.3,0.00112564273789643
11.3041666666667,0
11.3083333333333,0.000748959376739012
11.3125,0.000507701725097382
11.3166666666667,0.000716878130217006
11.3208333333333,0
11.325,0
11.3291666666667,0.000617420701168655
11.3333333333333,0.000394181969949971
11.3375,0
11.3416666666667,0
11.3458333333333,0
11.35,0
11.3541666666667,0
11.3583333333333,0
11.3625,0
11.3666666666667,0
11.3708333333333,0
11.375,0
11.3791666666667,0
11.3833333333333,0
11.3875,0
11.3916666666667,0
11.3958333333333,0
11.4,0.00114520033388979
11.4041666666667,0.00114878130217028
11.4083333333333,0
11.4125,0
11.4166666666667,0.00101503617139678
11.4208333333333,0.000705998887033982
11.425,0.000760642737896567
11.4291666666667,0
11.4333333333333,0
11.4375,0.000540556483027243
11.4416666666667,0.000267523650528647
11.4458333333333,0.000737278797996651
11.45,0
11.4541666666667,0
11.4583333333333,0.00147891485809685
11.4625,0
11.4666666666667,0
11.4708333333333,0
11.475,0.000660517529215373
11.4791666666667,0.000626318864774623
11.4833333333333,0
11.4875,0
11.4916666666667,0
11.4958333333333,0.00125969949916529
11.5,0
11.5041666666667,0
11.5083333333333,0
11.5125,0
11.5166666666667,0
11.5208333333333,0
11.525,0
11.5291666666667,0.00167906267931554
11.5333333333333,0
11.5375,0
11.5416666666667,0
11.5458333333333,0
11.55,0.00130121955701709
11.5541666666667,0
11.5583333333333,0
11.5625,0
11.5666666666667,0
11.5708333333333,0
11.575,0
11.5791666666667,0
11.5833333333333,0
11.5875,0
11.5916666666667,0
11.5958333333333,0
11.6,0
11.6041666666667,0
11.6083333333333,0
11.6125,0
11.6166666666667,0
11.6208333333333,0
11.625,0
11.6291666666667,0
11.6333333333333,0
11.6375,0.00163919690989481
11.6416666666667,0
11.6458333333333,0
11.65,0
11.6541666666667,0
11.6583333333333,0.000905843939001317
11.6625,0
11.6666666666667,0
11.6708333333333,0
11.675,0.00142877795232583
11.6791666666667,0
11.6833333333333,0
11.6875,0
11.6916666666667,0
11.6958333333333,0
11.7,0
11.7041666666667,0
11.7083333333333,0
11.7125,0
11.7166666666667,0
11.7208333333333,0
11.725,0
11.7291666666667,0
11.7333333333333,0
11.7375,0
11.7416666666667,0
11.7458333333333,0
11.75,0
11.7541666666667,0
11.7583333333333,0
11.7625,0
11.7666666666667,0
11.7708333333333,0
11.775,0
11.7791666666667,0
11.7833333333333,0
11.7875,0
11.7916666666667,0.000293972003421337
11.7958333333333,0
11.8,0
11.8041666666667,0
11.8083333333333,0
11.8125,0
11.8166666666667,0
11.8208333333333,0
11.825,0
11.8291666666667,0
11.8333333333333,0
11.8375,0
11.8416666666667,1.4511917334031e-05
11.8458333333333,0.000236904562700151
11.85,6.85485219263679e-05
11.8541666666667,0
11.8583333333333,0.000682996927922594
11.8625,0.00170962663942537
11.8666666666667,0.00229250710911153
11.8708333333333,0.00295767033495677
11.875,0.00488972093597198
11.8791666666667,0.00716972429911451
11.8833333333333,0.00853636684639993
11.8875,0.00926644017513611
11.8916666666667,0.0105817191881402
11.8958333333333,0.0122604312089306
11.9,0.013045511407436
11.9041666666667,0.0130054709135186
11.9083333333333,0.0130083283695615
11.9125,0.0135565514997508
11.9166666666667,0.013198517878022
11.9208333333333,0.0118809272819836
11.925,0.00988583007355091
11.9291666666667,0.00837502619727745
11.9333333333333,0.00654982311023729
11.9375,0.00442768853661655
11.9416666666667,0.00198132392347265
11.9458333333333,0
11.95,0.00129501467648165
11.9541666666667,0.00148109934756629
11.9583333333333,0.00105656444181515
11.9625,0.00103182426104369
11.9666666666667,0
11.9708333333333,0.000533687529051599
11.975,0.000341200668495665
11.9791666666667,0
11.9833333333333,0.000229344291331958
11.9875,0.000606137268171419
11.9916666666667,0.000545708555152343
11.9958333333333,0
12,0
12.0041666666667,5.5418257416371e-05
12.0083333333333,0.000194365919318283
12.0125,0
12.0166666666667,0
12.0208333333333,0
12.025,0
12.0291666666667,0.000538176159974096
12.0333333333333,0.000500587825534094
12.0375,0
12.0416666666667,0
12.0458333333333,0.000816272669380879
12.05,0.000496753232622948
12.0541666666667,0
12.0583333333333,0
12.0625,0
12.0666666666667,0.00126462899757788
12.0708333333333,0
12.075,0
12.0791666666667,0
12.0833333333333,0.00179386541752883
12.0875,0
12.0916666666667,0
12.0958333333333,0
12.1,0
12.1041666666667,0.000359258510759883
12.1083333333333,0
12.1125,0
12.1166666666667,0
12.1208333333333,0
12.125,0
12.1291666666667,0
12.1333333333333,0
12.1375,0
12.1416666666667,0
12.1458333333333,0
12.15,0
12.1541666666667,0
12.1583333333333,0
12.1625,0
12.1666666666667,0
12.1708333333333,0
12.175,0
12.1791666666667,0
12.1833333333333,0
12.1875,0
12.1916666666667,0
12.1958333333333,0
12.2,0
12.2041666666667,0
12.2083333333333,0
12.2125,0
12.2166666666667,0
12.2208333333333,0
12.225,0
12.2291666666667,0
12.2333333333333,0
12.2375,0
12.2416666666667,0
12.2458333333333,0
12.25,0
12.2541666666667,0
12.2583333333333,0
12.2625,0
12.2666666666667,0
12.2708333333333,0
12.275,0
12.2791666666667,0
12.2833333333333,0
12.2875,0
12.2916666666667,0
12.2958333333333,0
12.3,0
12.3041666666667,0
12.3083333333333,0
12.3125,0
12.3166666666667,0
12.3208333333333,0
12.325,0
12.3291666666667,0
12.3333333333333,0
12.3375,0
12.3416666666667,0
12.3458333333333,0
12.35,0
12.3541666666667,0
12.3583333333333,0
12.3625,0
12.3666666666667,0
12.3708333333333,0
12.375,0
12.3791666666667,0
12.3833333333333,0
12.3875,0
12.3916666666667,0
12.3958333333333,0
12.4,0
12.4041666666667,0
12.4083333333333,0
12.4125,0
12.4166666666667,0
12.4208333333333,0
12.425,0.00180246033430003
12.4291666666667,0
12.4333333333333,0
12.4375,0
12.4416666666667,0
12.4458333333333,0.00104886975079568
12.45,0
12.4541666666667,0
12.4583333333333,0.000957198855170331
12.4625,0.00074778961232023
12.4666666666667,0
12.4708333333333,0
12.475,0
12.4791666666667,0.000304335412365911
12.4833333333333,2.43334025487362e-05
12.4875,0
12.4916666666667,0
12.4958333333333,0
12.5,0
12.5041666666667,0
12.5083333333333,0
12.5125,0
12.5166666666667,0.00145057219545962
12.5208333333333,0
12.525,0
12.5291666666667,0
12.5333333333333,0
12.5375,0
12.5416666666667,0
12.5458333333333,0
12.55,0
12.5541666666667,0
12.5583333333333,0
12.5625,0
12.5666666666667,0
12.5708333333333,0
12.575,0
12.5791666666667,0
12.5833333333333,0
12.5875,0
12.5916666666667,0
12.5958333333333,0
12.6,0.00216761249613332
12.6041666666667,0
12.6083333333333,0
12.6125,0
12.6166666666667,0
12.6208333333333,0.000308572698599044
12.625,0
12.6291666666667,0
12.6333333333333,0
12.6375,0
12.6416666666667,0
12.6458333333333,0
12.65,0
12.6541666666667,0.00167603938822172
12.6583333333333,0
12.6625,0
12.6666666666667,0
12.6708333333333,0
12.675,0.00111618608782408
12.6791666666667,0
12.6833333333333,0
12.6875,0
12.6916666666667,0
12.6958333333333,0
12.7,0
12.7041666666667,0
12.7083333333333,0.00156736920628414
12.7125,0
12.7166666666667,0
12.7208333333333,0
12.725,0
12.7291666666667,0.000377593866617594
12.7333333333333,0
12.7375,0
12.7416666666667,0
12.7458333333333,0
12.75,0
12.7541666666667,0
12.7583333333333,0
12.7625,0
12.7666666666667,0
12.7708333333333,0
12.775,0
12.7791666666667,0
12.7833333333333,0
12.7875,0
12.7916666666667,0
12.7958333333333,0
12.8,0
12.8041666666667,0
12.8083333333333,0
12.8125,0
12.8166666666667,0
12.8208333333333,0
12.825,0
12.8291666666667,0
12.8333333333333,0
12.8375,0
12.8416666666667,0
12.8458333333333,0
12.85,0
12.8541666666667,0
12.8583333333333,0
12.8625,0
12.8666666666667,0
12.8708333333333,0
12.875,0
12.8791666666667,0
12.8833333333333,0
12.8875,0
12.8916666666667,0
12.8958333333333,0
12.9,0
12.9041666666667,0
12.9083333333333,0
12.9125,0
12.9166666666667,0
12.9208333333333,0
12.925,0
12.9291666666667,0
12.9333333333333,0
12.9375,0
12.9416666666667,0
12.9458333333333,0
12.95,0
12.9541666666667,0
12.9583333333333,0
12.9625,0
12.9666666666667,0
12.9708333333333,0
12.975,0
12.9791666666667,0
12.9833333333333,0
12.9875,0
12.9916666666667,0
12.9958333333333,0
13,0
13.0041666666667,0
13.0083333333333,0
13.0125,0
13.0166666666667,0
13.0208333333333,0
13.025,0
13.0291666666667,0
13.0333333333333,0
13.0375,0
13.0416666666667,0
13.0458333333333,0
13.05,0
13.0541666666667,0
13.0583333333333,0
13.0625,0
13.0666666666667,0
13.0708333333333,0
13.075,0
13.0791666666667,0
13.0833333333333,0
13.0875,0
13.0916666666667,0
13.0958333333333,0
13.1,0
13.1041666666667,0
13.1083333333333,0
13.1125,0
13.1166666666667,0
13.1208333333333,0
13.125,0
13.1291666666667,0
13.1333333333333,0
13.1375,0
13.1416666666667,0
13.1458333333333,0
13.15,0
13.1541666666667,0
13.1583333333333,0
13.1625,0
13.1666666666667,0
13.1708333333333,0
13.175,0
13.1791666666667,0
13.1833333333333,0
13.1875,0
13.1916666666667,0
13.1958333333333,0
13.2,0
13.2041666666667,0
13.2083333333333,0
13.2125,0
13.2166666666667,0
13.2208333333333,0
13.225,0
13.2291666666667,0
13.2333333333333,0
13.2375,0
13.2416666666667,0
13.2458333333333,0
13.25,0
13.2541666666667,0
13.2583333333333,0
13.2625,0
13.2666666666667,0
13.2708333333333,0
13.275,0
13.2791666666667,0
13.2833333333333,0
13.2875,0
13.2916666666667,0
13.2958333333333,0
13.3,0
13.3041666666667,0
13.3083333333333,0
13.3125,0
13.3166666666667,0
13.3208333333333,0
13.325,0
13.3291666666667,0
13.3333333333333,0
13.3375,0
13.3416666666667,0
13.3458333333333,0
13.35,0
13.3541666666667,0
13.3583333333333,0
13.3625,0
13.3666666666667,0
13.3708333333333,0
13.375,0
13.3791666666667,0
13.3833333333333,0
13.3875,0
13.3916666666667,0
13.3958333333333,0
13.4,0
13.4041666666667,0
13.4083333333333,0
13.4125,0
13.4166666666667,0
13.4208333333333,0
13.425,0
13.4291666666667,0
13.4333333333333,0
13.4375,0
13.4416666666667,0
13.4458333333333,0
13.45,0
13.4541666666667,0.00161506677796333
13.4583333333333,0
13.4625,0
13.4666666666667,0
13.4708333333333,0
13.475,0
13.4791666666667,0
13.4833333333333,0
13.4875,0
13.4916666666667,0
13.4958333333333,0
13.5,0
13.5041666666667,0
13.5083333333333,0
13.5125,0
13.5166666666667,0
13.5208333333333,0
13.525,0
13.5291666666667,0
13.5333333333333,0
13.5375,0
13.5416666666667,0
13.5458333333333,0
13.55,0
13.5541666666667,0
13.5583333333333,0
13.5625,0
13.5666666666667,0
13.5708333333333,0
13.575,0
13.5791666666667,0
13.5833333333333,0
13.5875,0
13.5916666666667,0
13.5958333333333,0
13.6,0
13.6041666666667,0
13.6083333333333,0
13.6125,0
13.6166666666667,0
13.6208333333333,0
13.625,0
13.6291666666667,0
13.6333333333333,0
13.6375,0
13.6416666666667,0
13.6458333333333,0
13.65,0
13.6541666666667,0
13.6583333333333,0
13.6625,0
13.6666666666667,0
13.6708333333333,0
13.675,0
13.6791666666667,0
13.6833333333333,0
13.6875,0
13.6916666666667,0
13.6958333333333,0
13.7,0
13.7041666666667,0
13.7083333333333,0
13.7125,0
13.7166666666667,0
13.7208333333333,0
13.725,0
13.7291666666667,0
13.7333333333333,0
13.7375,0
13.7416666666667,0
13.7458333333333,0
13.75,0
13.7541666666667,0
13.7583333333333,0.0018698843728876
13.7625,0
13.7666666666667,0
13.7708333333333,0
13.775,0
13.7791666666667,9.53552298880126e-05
13.7833333333333,0
13.7875,0
13.7916666666667,0
13.7958333333333,0
13.8,0
13.8041666666667,0
13.8083333333333,0
13.8125,0
13.8166666666667,0
13.8208333333333,0
13.825,0
13.8291666666667,0
13.8333333333333,0
13.8375,0
13.8416666666667,0
13.8458333333333,0
13.85,0.00165593553193903
13.8541666666667,0
13.8583333333333,0
13.8625,0
13.8666666666667,0
13.8708333333333,0.000159605546528695
13.875,0
13.8791666666667,0
13.8833333333333,0
13.8875,0
13.8916666666667,0
13.8958333333333,0
13.9,0
13.9041666666667,0
13.9083333333333,0
13.9125,0
13.9166666666667,0
13.9208333333333,0
13.925,0
13.9291666666667,0
13.9333333333333,0
13.9375,0.00153609668232972
13.9416666666667,0
13.9458333333333,0
13.95,0
13.9541666666667,0
13.9583333333333,0
13.9625,0
13.9666666666667,0
13.9708333333333,0
13.975,0
13.9791666666667,0
13.9833333333333,0
13.9875,0
13.9916666666667,0
13.9958333333333,0
14,0
14.0041666666667,0
14.0083333333333,0
14.0125,0
14.0166666666667,0
14.0208333333333,0
14.025,0
14.0291666666667,0.000550819060422392
14.0333333333333,0.00125584705854793
14.0375,0.00105686603330114
14.0416666666667,0
14.0458333333333,0
14.05,0
14.0541666666667,0
14.0583333333333,4.77158118794606e-05
14.0625,0
14.0666666666667,0
14.0708333333333,0
14.075,0
14.0791666666667,0
14.0833333333333,0
14.0875,0
14.0916666666667,0
14.0958333333333,0
14.1,0
14.1041666666667,0
14.1083333333333,0
14.1125,0
14.1166666666667,0
14.1208333333333,0
14.125,0
14.1291666666667,0
14.1333333333333,0
14.1375,0.00132699533476851
14.1416666666667,0.0014126475516212
14.1458333333333,0
14.15,0
14.1541666666667,0
14.1583333333333,0
14.1625,0
14.1666666666667,0
14.1708333333333,0
14.175,0
14.1791666666667,0
14.1833333333333,0
14.1875,0
14.1916666666667,0
14.1958333333333,0
14.2,0.00105446038424476
14.2041666666667,0
14.2083333333333,0
14.2125,0
14.2166666666667,0
14.2208333333333,0
14.225,0
14.2291666666667,0
14.2333333333333,0
14.2375,0
14.2416666666667,0
14.2458333333333,0
14.25,0
14.2541666666667,0
14.2583333333333,0
14.2625,0
14.2666666666667,0
14.2708333333333,0
14.275,0
14.2791666666667,0
14.2833333333333,0
14.2875,0
14.2916666666667,0
14.2958333333333,0
14.3,0
14.3041666666667,0
14.3083333333333,0
14.3125,0.00184635479410972
14.3166666666667,0
14.3208333333333,0
14.325,0
14.3291666666667,0
14.3333333333333,0
14.3375,0
14.3416666666667,0
14.3458333333333,0
14.35,0
14.3541666666667,0
14.3583333333333,0
14.3625,0
14.3666666666667,0
14.3708333333333,0
14.375,0
