655.40774,0
655.66162,0
655.91078,0
656.16041,0
656.41313,0
656.65941,0
656.90822,0
657.15929,0
657.40675,0
657.65871,0
657.90885,0
658.15615,0.00165999999999999
658.40695,0
658.6574,0
658.90748,0
659.15424,0
659.40388,0
659.65538,0
659.9043,0
660.1526,0
660.40347,0
660.65257,0
660.90242,0
661.15107,0
661.40177,0
661.65108,0
661.90022,0
662.15047,0
662.39944,0
662.64905,0
662.8973,0
663.14645,0
663.39692,0
663.6454,0
663.89584,0
664.14353,0
664.39311,0
664.64622,0
664.89317,0
665.14287,0
665.39355,0
665.64389,0
665.89261,0
666.14056,0
666.38954,0
666.6443,0
666.88941,0
667.14115,0
667.39004,0
667.63924,0
667.88829,0
668.13634,0
668.38749,0
668.63663,0
668.88491,0
669.13566,0
669.38459,0
669.63468,0
669.88514,0
670.13401,0
670.3825,0
670.63504,0
670.88197,0
671.13204,0
671.38243,0
671.63212,0
671.88102,0
672.12793,0
672.38105,0
672.62657,0
672.87779,0
673.12765,0
673.37575,0
673.6269,0
673.8749,0
674.12315,0
674.37345,0
674.62539,0
674.87392,0
675.12283,0
675.37134,0
675.62273,0
675.87029,0
676.12025,0
676.36983,0
676.62279,0
676.8711,0
677.11935,0
677.36933,0
677.61824,0
677.8689,0
678.11811,0
678.36623,0
678.618,0
678.86629,0
679.11621,0
679.36349,0
679.6142,0
679.8656,0
680.11305,0
680.36231,0
680.61216,0
680.86382,0
681.11325,0
681.36063,0
681.60954,0
681.86107,0
682.10896,0
682.36104,0.0375302439024392
682.60806,0.222237804878049
682.85908,0.364635365853659
683.10692,0.289662926829268
683.35696,0.272920487804878
683.60737,0.897258048780488
683.85664,1.3408256097561
684.1061,0.908633170731707
684.35439,0.523320731707317
684.60536,0.343548292682927
684.85392,0.255435853658537
685.10273,0.184963414634146
685.35224,0.124500975609756
685.60089,0.0796185365853659
685.85333,0.0493560975609757
686.09991,0.0775636585365853
686.35045,0.225481219512195
686.60101,0.196088780487805
686.8518,0.345646341463415
687.09875,1.87365390243902
687.35022,2.91807146341463
687.59733,2.33123902439024
687.84774,1.55039658536585
688.09883,4.01143414634146
688.34827,7.97118170731707
688.5969,5.27133926829268
688.84715,2.79542682926829
689.10118,1.9779743902439
689.35267,1.22123195121951
689.60249,0.613179512195122
689.8513,0.330517073170732
690.09638,0.206314634146342
690.3411,0.150252195121951
690.59863,0.0996097560975608
690.84884,0.0560273170731709
691.09695,0.0232748780487804
691.341,0.00457243902439042
691.59039,0
691.84106,0
692.08901,0.00899000000000005
692.33921,0.0670600000000001
692.58949,0.0455300000000001
692.83733,0
693.09017,0.0387637500000002
693.33701,0.1135575
693.58713,0.11271125
693.83722,0.0616049999999999
694.08606,0.0290587500000001
694.33413,0.00828249999999997
694.58517,0
694.83335,0
695.08242,0.0336486666666667
695.33972,0.060408
695.58817,0.0242773333333333
695.84055,0.0176266666666667
696.08339,0.057056
696.33082,0.0690253333333333
696.57896,0.0520246666666666
696.82943,0.035844
697.08293,0.0557333333333332
697.32982,0.211552666666667
697.57955,0.490762
697.82692,0.551421333333333
698.07939,0.364800666666667
698.32679,0.18788
698.57678,0.0962993333333335
698.82517,0.0495786666666667
699.07641,0.0259580000000001
699.32463,0.0205273333333333
699.57489,0.0245566666666668
699.82273,0.0214760000000001
700.07386,0.0188753333333334
700.32236,0.0152746666666668
700.57216,0.00955400000000006
700.82471,0.00607333333333337
701.07341,0.00712266666666661
701.32326,0.00592199999999998
701.57149,0.00169133333333327
701.82007,0
702.07222,0
702.31809,0.0035316129032259
702.56934,0.0251232258064515
702.81924,0.106564838709677
703.06941,0.208796451612903
703.3171,0.222848064516129
703.56848,0.174929677419355
703.81604,0.124871290322581
704.06627,0.0863429032258065
704.3161,0.0624745161290321
704.56547,0.0477461290322581
704.81334,0.0382777419354838
705.06596,0.0287393548387098
705.31645,0.0228309677419354
705.56375,0.0172525806451613
705.8124,0.0123541935483871
706.06326,0.00684580645161281
706.31426,0.00460741935483866
706.56104,0.00432903225806447
706.81029,0.00822064516129029
707.06375,0.0101822580645161
707.31219,0.00879387096774198
707.56144,0.00410548387096776
707.80833,0.00382709677419357
708.05699,0.00467870967741946
708.30736,0.00728032258064526
708.556,0.00929193548387097
708.80798,0.00873354838709672
709.05612,0.00717516129032258
709.30491,0.00534677419354845
709.55519,0.00205838709677408
709.80411,0
710.05441,0.00149088888888893
710.30453,0.0165217777777777
710.55231,0.0500626666666666
710.80257,0.0752935555555556
711.05268,0.0790944444444444
711.30243,0.0701553333333333
711.55181,0.0526462222222221
711.80156,0.0350171111111113
712.04928,0.0289280000000001
712.29998,0.0230488888888889
712.54917,0.0189897777777777
712.79781,0.0210706666666667
713.04811,0.0317715555555556
713.29913,0.0427824444444445
713.54545,0.0554733333333333
713.79509,0.0566442222222223
714.04683,0.0480751111111111
714.29543,0.0352660000000002
714.54421,0.030116888888889
714.7931,0.0318877777777777
715.04388,0.0412786666666667
715.29482,0.0684795555555555
715.54455,0.145440444444445
715.79159,0.310811333333333
716.04123,0.580682222222222
716.2909,0.723683111111111
716.54119,0.530404
716.79122,0.337814888888889
717.04074,0.227865777777778
717.28905,0.164776666666667
717.53992,0.127337555555556
717.78846,0.102338444444444
718.03812,0.0875193333333335
718.28905,0.0784502222222223
718.53801,0.0721711111111112
718.78639,0.067822
719.03534,0.0704928888888889
719.28424,0.0830837777777778
719.53492,0.0974746666666666
719.78442,0.102165555555556
720.03231,0.101646444444444
720.28533,0.105507333333333
720.53463,0.105198222222222
720.78261,0.0905491111111112
721.03137,0.06863
721.28176,0.0512108888888889
721.53224,0.0402017777777777
721.78147,0.0343526666666667
722.03098,0.0310135555555555
722.28244,0.0308244444444445
722.53039,0.0289653333333333
722.77893,0.0299962222222223
723.02832,0.0380671111111111
723.27714,0.060678
723.52909,0.094948888888889
723.77569,0.128849777777778
724.0263,0.136260666666667
724.27662,0.115101555555555
724.5271,0.0832624444444445
724.77635,0.0627433333333332
725.0246,0.0532542222222223
725.27176,0.050775111111111
725.52385,0.0445359999999999
725.77258,0.0368268888888887
726.02175,0.0289977777777779
726.27014,0.0265986666666667
726.52127,0.0273395555555556
726.77089,0.0306704444444443
727.02025,0.0325313333333335
727.27025,0.0321822222222221
727.52083,0.0286631111111111
727.76859,0.0261339999999999
728.01961,0.0235648888888889
728.26891,0.0221257777777777
728.51603,0.0203766666666667
728.76652,0.0198775555555555
729.01653,0.0208584444444446
729.26546,0.0219793333333334
729.51436,0.0234102222222221
729.76467,0.0272811111111111
730.01392,0.032562
730.26424,0.0366328888888889
730.51326,0.0377837777777776
730.76238,0.0353646666666667
731.01374,0.0322755555555554
731.26229,0.0268964444444444
731.51221,0.0221273333333332
731.76024,0.0170382222222223
732.01156,0.014299111111111
732.25966,0.0114400000000001
732.50841,0.0110208888888887
732.75995,0.0112617777777779
733.01006,0.0134526666666666
733.25753,0.0123735555555555
733.50693,0.0119844444444444
733.75657,0.00906533333333348
734.00666,0.00867622222222209
734.25551,0.00921711111111101
734.50477,0.0183279999999999
734.75452,0.0402688888888887
735.00449,0.0782697777777777
735.25443,0.110210666666666
735.50394,0.114481555555556
735.75397,0.0881624444444444
736.00203,0.0548233333333332
736.25091,0.0284042222222221
736.50071,0.0145551111111111
736.75115,0.006826
737.00077,0.00475688888888892
737.24811,0.00303777777777769
737.49672,0.00319866666666679
737.75107,0.00518955555555545
737.99825,0.0122804444444444
738.24813,0.0227413333333333
738.49886,0.0340122222222223
738.75206,0.042553111111111
738.99779,0.0504639999999998
739.24492,0.0575848888888888
739.49545,0.0660757777777776
739.74536,0.0763966666666667
739.99357,0.0904175555555553
740.2439,0.109108444444444
740.49384,0.120479333333333
740.74312,0.115080222222222
740.9932,0.0912811111111109
741.24137,0.0617920000000001
741.49029,0.0367228888888889
741.74371,0.0213137777777779
741.98979,0.0118946666666666
742.24112,0.00777555555555565
742.48956,0.00426644444444424
742.73919,0.0038273333333334
742.9873,0.00198822222222206
743.23851,0.00208911111111121
743.48674,0
743.73677,0.000324932885906071
743.98655,0.00112986577181218
744.23391,0.00998479865771795
744.4858,0.045149731543624
744.73526,0.15892466442953
744.98361,0.409059597315436
745.23292,0.817724530201342
745.4823,1.29097946308725
745.73312,1.60629439597315
745.98298,1.53014932885906
746.23204,1.12275426174497
746.48026,0.669309194630872
746.73145,0.347164127516778
746.97944,0.169729060402684
747.22909,0.0843039932885905
747.4804,0.0468389261744966
747.72913,0.0291238590604026
747.97772,0.0205987919463086
748.22874,0.0153837248322146
748.47804,0.0153986577181209
748.72899,0.0215335906040266
748.97542,0.0462685234899327
749.22497,0.0985734563758389
749.47605,0.189028389261745
749.72648,0.314873322147651
749.97601,0.470788255033557
750.22421,0.641053187919463
750.47532,0.812618120805369
750.72386,0.961253053691275
750.97307,1.05351798657718
751.22248,1.02490291946309
751.47192,0.835237852348993
751.72022,0.558662785234899
751.97041,0.324967718120805
752.21866,0.177452651006711
752.46973,0.102257583892617
752.71899,0.0722525167785235
752.96876,0.0818474496644295
753.21834,0.133492382550335
753.46741,0.236897315436241
753.71622,0.390822248322148
753.96674,0.587627181208054
754.21455,0.81737211409396
754.46506,1.06867704697987
754.71548,1.33416197986577
754.96741,1.61023691275168
755.21473,1.89308184563758
755.46611,2.17786677852349
755.71446,2.4577617114094
755.96242,2.7190666442953
756.21174,2.83990157718121
756.46028,2.18396651006711
756.71158,1.10424144295302
756.9629,0.497866375838926
757.20849,0.268081308724832
757.4589,0.225696241610738
757.70958,0.273941174496644
757.95889,0.33856610738255
758.20822,0.360331040268456
758.45896,0.302815973154362
758.7086,0.206530906040268
758.95703,0.122415838926174
759.20514,0.0707707718120805
759.45497,0.0430057046979866
759.70462,0.0308806375838926
759.9554,0.0239755704697986
760.20733,0.0218005033557045
760.45185,0.0233354362416107
760.70405,0.0384103691275168
760.9512,0.0762953020134229
761.20237,0.144630234899329
761.45238,0.233515167785235
761.70173,0.309920100671141
761.95117,0.336445033557047
762.20141,0.301109966442953
762.44994,0.228594899328859
762.70056,0.155829832214765
762.9491,0.104054765100671
763.19888,0.0740696979865771
763.45042,0.0608446308724833
763.69767,0.0596695637583891
763.94897,0.0678644966442952
764.19818,0.0802694295302013
764.4463,0.0928143624161075
764.69511,0.0980092953020133
764.94373,0.0944142281879194
765.19405,0.0820291610738255
765.44444,0.0662740939597315
765.69474,0.0488990268456377
765.94392,0.0358939597315435
766.19236,0.0251888926174495
766.44212,0.0193938255033557
766.69116,0.0205687583892618
766.94082,0.0326236912751676
767.19218,0.0556086241610738
767.44164,0.0960735570469797
767.68943,0.148198489932886
767.93881,0.213313422818792
768.18829,0.286498355704698
768.43893,0.366273288590604
768.68675,0.44859822147651
768.93593,0.533563154362416
769.18797,0.614778087248322
769.43496,0.680733020134228
769.6831,0.678487953020134
769.93523,0.52094288590604
770.18396,0.293937818791946
770.43565,0.141412751677852
770.68448,0.0694376845637583
770.93186,0.0390626174496644
771.18241,0.0296675503355706
771.43231,0.0271424832214766
771.68019,0.0270374161073825
771.93072,0.0230423489932885
772.18242,0.0190472818791947
772.43025,0.0137722147651007
772.68042,0.0113571476510066
772.92921,0.00886208053691262
773.1773,0.00819701342281887
773.42935,0.00676194630872495
773.6779,0.010646879194631
773.92709,0.0158518120805369
774.17603,0.0326467449664429
774.42427,0.0605416778523491
774.67379,0.106706610738255
774.92503,0.166581543624161
775.17301,0.243116476510067
775.42341,0.329871409395973
775.67139,0.425936342281879
775.92171,0.527441275167785
776.17444,0.632906208053691
776.42099,0.738861140939597
776.67198,0.847336073825503
776.92257,0.955121006711409
777.17216,1.06364593959732
777.42022,1.16875087248322
777.67009,1.25897580536913
777.92187,1.23482073825503
778.16958,0.89583567114094
778.41909,0.458520604026845
778.66935,0.202615536912752
778.91572,0.0910004697986577
779.16968,0.0464854026845638
779.41667,0.0285103355704699
779.6665,0.0203552684563757
779.91525,0.0163602013422819
780.16346,0.013135134228188
780.41449,0.0118100671140939
780.66456,0.0100749999999998
780.9127,0.010689932885906
781.16372,0.0134948657718121
781.41131,0.0202397986577181
781.66103,0.0337747315436243
781.90992,0.0580296644295302
782.16257,0.0926645973154363
782.41022,0.137909530201342
782.65884,0.189294463087248
782.90736,0.242319395973154
783.15933,0.28809432885906
783.40823,0.322219261744966
783.65663,0.334834194630873
783.90782,0.323199127516779
784.15605,0.290934060402684
784.40781,0.25759899328859
784.6573,0.240283926174497
784.9062,0.255658859060403
785.15605,0.299293791946309
785.40439,0.361688724832215
785.65114,0.423923657718121
785.90242,0.465698590604027
786.15417,0.462373523489933
786.40391,0.410268456375839
786.65156,0.322673389261745
786.90046,0.231518322147651
787.15079,0.157873255033557
787.40222,0.108718187919463
787.6497,0.0773931208053691
787.89808,0.0588480536912752
788.14944,0.0460229865771813
788.39825,0.0369179194630873
788.64709,0.0301128523489933
788.89563,0.0242677852348994
789.14876,0.0212627181208054
789.39734,0.0214576510067115
789.6449,0.0278425838926175
789.89444,0.0421975167785233
790.14474,0.0693124496644295
790.39517,0.111957382550335
790.6448,0.172132315436242
790.89253,0.247147248322148
791.14178,0.334452181208054
791.39311,0.42622711409396
791.642,0.517282046979866
791.89025,0.596536979865772
792.14014,0.651801912751678
792.3898,0.670206845637584
792.64015,0.64502177852349
792.88986,0.579416711409396
793.13967,0.495491644295302
793.38817,0.413036577181208
793.63912,0.351041510067114
793.88802,0.31123644295302
794.13507,0.295231375838926
794.38598,0.293626308724832
794.63679,0.305491241610738
794.88613,0.324486174496644
795.13562,0.34979110738255
795.38388,0.376366040268457
795.63449,0.407650973154362
795.88503,0.438805906040268
796.13174,0.471590838926174
796.38466,0.503065771812081
796.63254,0.536170704697987
796.88044,0.566685637583893
797.12932,0.597020570469799
797.38013,0.626795503355705
797.63073,0.654790436241611
797.88053,0.681705369127517
798.12942,0.708480302013423
798.37833,0.734195234899329
798.63006,0.759790167785235
798.87533,0.785335100671141
799.12685,0.811120033557047
799.37575,0.834634966442953
799.6256,0.790929899328859
799.87525,0.522184832214765
800.12499,0.247159765100671
800.37425,0.120094697986577
800.624,0.0845596308724832
800.87259,0.0949945637583893
801.12224,0.125699496644295
801.3722,0.164284429530201
801.62262,0.196939362416107
801.87122,0.220254295302013
802.12083,0.23335922818792
802.36968,0.246774161073826
802.62126,0.271089093959731
802.87021,0.315384026845638
803.11989,0.377128959731544
803.36826,0.44831389261745
803.61903,0.514098825503356
803.86715,0.563903758389262
804.11619,0.588408691275168
804.36602,0.597763624161074
804.61844,0.60682855704698
804.86674,0.634093489932886
805.11457,0.672798422818792
805.36448,0.699143355704698
805.61419,0.666288288590604
805.863,0.55071322147651
806.11282,0.384638154362416
806.35956,0.233913087248322
806.61372,0.132088020134228
806.86187,0.0749429530201344
807.11082,0.0455978859060402
807.36186,0.0304328187919463
807.61017,0.0222377516778525
807.85983,0.0162626845637586
808.10856,0.0137576174496645
808.35805,0.0142025503355705
808.60932,0.0191774832214766
808.85771,0.0299424161073827
809.10591,0.0476873489932887
809.35728,0.0748622818791946
809.6073,0.110677214765101
809.85599,0.156352147651007
810.10408,0.212487080536913
810.35432,0.273652013422819
810.60272,0.346356946308725
810.85488,0.418051879194631
811.10316,0.500286812080537
811.35268,0.577351744966443
811.60222,0.656846677852349
811.85068,0.725871610738255
812.10164,0.775796543624161
812.35272,0.780631476510067
812.60032,0.707516409395973
812.8495,0.549521342281879
813.10137,0.362226275167785
813.35011,0.207521208053691
813.59745,0.111086140939597
813.84781,0.0591510738255032
814.09797,0.0351360067114095
814.347,0.0237309395973155
814.59569,0.0181058724832215
814.84842,0.0146908053691277
815.09312,0.0114257382550336
815.34423,0.00931067114093964
815.59479,0.00661560402684569
815.84701,0.00436053691275173
816.09219,0.00304546979865794
816.34225,0.00202040268456383
816.59242,0.000875335570469815
816.8433,0.000550268456375846
817.09071,0
817.34116,0
817.58907,0
817.83842,0
818.08763,0
818.33896,0.00278666666666672
818.58896,0.005965
818.83873,0.0126333333333335
819.08759,0.0221416666666667
819.33634,0.0368900000000001
819.58796,0.0530583333333334
819.83459,0.0723966666666667
820.08491,0.0896250000000001
820.33378,0.104943333333333
820.58547,0.111661666666667
820.83378,0.11011
821.08298,0.0974483333333334
821.3329,0.0785266666666666
821.58123,0.0565549999999999
821.83067,0.0380133333333335
822.08171,0.0236816666666666
822.33036,0.0137099999999999
822.57988,0.00758833333333331
822.82967,0.00424666666666651
823.07842,0.00232499999999991
823.32918,0.000393333333333468
823.57851,0.00023166666666663
823.82702,0
824.07679,0.00089945454545437
824.32641,0.00176418181818172
824.57584,0.00451890909090902
824.82509,0.00743363636363625
825.07604,0.0126783636363634
825.32272,0.0172730909090908
825.57544,0.0236278181818181
825.82232,0.0283425454545454
826.07469,0.0335772727272725
826.32271,0.0369719999999998
826.57297,0.0404767272727271
826.82186,0.0395314545454544
827.07114,0.0377861818181817
827.32079,0.033650909090909
827.57133,0.0285456363636363
827.81932,0.0214003636363636
828.07064,0.0186050909090907
828.31844,0.0140698181818182
828.5678,0.0112645454545455
828.81884,0.0106892727272727
829.06833,0.00972400000000007
829.31774,0.00911872727272733
829.56604,0.0104034545454545
829.81447,0.0144981818181817
830.0669,0.0193729090909092
830.31639,0.0208676363636364
830.56385,0.0279523636363637
830.81288,0.0341770909090908
831.06355,0.0370018181818181
831.31232,0.0402065454545455
831.56065,0.0405312727272726
831.81206,0.0400860000000001
832.063,0.0377107272727273
832.31059,0.0357254545454546
832.55942,0.0315001818181817
832.80916,0.028994909090909
833.05991,0.0246196363636364
833.30805,0.0226743636363635
833.55841,0.0202990909090908
833.80898,0.0195038181818181
834.05667,0.0174585454545453
834.30765,0.0170432727272727
834.55414,0.015228
834.80709,0.0147227272727273
835.05769,0.0120174545454546
835.3057,0.0104421818181817
835.55448,0.00763690909090897
835.8031,0.00674163636363634
836.05443,0.00498636363636362
836.30335,0.00564109090909071
836.55258,0.00601581818181796
836.80212,0.00893054545454541
837.05022,0.0114352727272726
837.30052,0.0151300000000001
837.55082,0.0209947272727273
837.80124,0.0290994545454546
838.04918,0.0396341818181818
838.29939,0.0513789090909091
838.5493,0.0664336363636364
838.7961,0.0815683636363638
839.04804,0.098583090909091
839.29839,0.115797818181818
839.54567,0.133532545454546
839.79809,0.148287272727273
840.04439,0.162502
840.29572,0.171556727272727
840.54502,0.176161454545455
840.79476,0.173636181818182
841.0431,0.164380909090909
841.29568,0.146475636363636
841.54183,0.125080363636364
841.7928,0.0985850909090908
842.04298,0.0737198181818182
842.29125,0.0505345454545454
842.54056,0.0345992727272726
842.78945,0.021504
843.03908,0.0140587272727273
843.28794,0.00797345454545439
843.53827,0.00520818181818172
843.78818,0.00290290909090896
844.03722,0.00231763636363636
844.28862,0.00262236363636359
844.53604,0.00443709090909072
844.78573,0.00651181818181801
845.03531,0.00932654545454548
845.2852,0.0124612727272726
845.53494,0.015096
845.78494,0.0185307272727271
846.03318,0.0217354545454544
846.28339,0.0263201818181817
846.53104,0.0296249090909091
846.78211,0.0339696363636364
847.03174,0.0365943636363637
847.28388,0.0397990909090911
847.53077,0.0398738181818183
847.77965,0.0390685454545456
848.03154,0.0356232727272727
848.27697,0.0317180000000001
848.52928,0.0260127272727273
848.7769,0.0216974545454547
849.02628,0.0159121818181818
849.27802,0.0127369090909091
849.52866,0.00779163636363633
849.77569,0.00742636363636362
850.02494,0.00542109090909104
850.27831,0.00455581818181816
850.52579,0.00202054545454544
850.77601,0.00299527272727285
851.02442,0
851.27304,0.00172400000000006
851.52409,1.80000000000735e-05
851.77099,0.00157200000000013
852.02064,0.000125999999999848
852.27076,0.00194000000000005
852.51913,0.00342400000000009
852.76967,0.00571800000000011
853.01975,0.0101720000000001
853.26839,0.0143060000000002
853.52027,0.02155
853.7683,0.029814
854.01952,0.0398479999999999
854.26781,0.0502119999999999
854.51933,0.061266
854.7657,0.06918
855.01583,0.0760640000000001
855.26524,0.0785579999999999
855.51632,0.0779719999999999
855.76456,0.073696
856.01362,0.06667
856.26229,0.0569740000000001
856.5138,0.047668
856.76256,0.0404519999999999
857.0103,0.037976
857.26013,0.03488
857.51174,0.035204
857.76077,0.037228
858.00959,0.0407920000000002
858.25706,0.0421259999999999
858.51031,0.0422099999999999
858.75739,0.039064
859.00683,0.0370779999999999
859.25665,0.033102
859.50574,0.0272060000000001
859.75597,0.02085
860.0078,0.0172939999999999
860.25531,0.013198
860.50645,0.00818199999999991
860.75414,0.00406600000000013
861.00242,0.00246999999999997
861.25304,0.00249400000000022
861.5021,0
861.75344,0
862.00219,0
862.24984,0.00164444444444456
862.50134,0.0011388888888888
862.7521,0.00112333333333337
863.00039,0.000667777777777712
863.24936,0.00436222222222238
863.49929,0.00557666666666656
863.74819,0.00819111111111126
863.99834,0.0102755555555554
864.24702,0.0166600000000001
864.49568,0.0201144444444445
864.74653,0.0242288888888889
864.99365,0.0249433333333333
865.24335,0.0273077777777777
865.4955,0.0262622222222222
865.74634,0.0235066666666666
865.9918,0.0192311111111112
866.24456,0.0144855555555554
866.49299,0.0106599999999999
866.74247,0.00631444444444451
866.99152,0.00309888888888876
867.24056,0.000223333333333464
867.49073,0.00122777777777761
867.74007,0
867.98903,0.000776666666666648
868.23805,0
868.48927,0.000705555555555515
868.73859,0
868.98833,0.00256999999999996
869.2375,0
869.48677,0.00375444444444439
869.73771,0.00543888888888899
869.98631,0.00817333333333337
870.23504,0.0100977777777775
870.48419,0.0186222222222223
870.73568,0.0270766666666666
870.98356,0.037911111111111
871.23236,0.0497155555555555
871.48421,0.06436
871.73128,0.0793144444444442
871.98209,0.091398888888889
872.22972,0.100183333333333
872.48187,0.105727777777778
872.73259,0.107502222222222
872.97952,0.103386666666667
873.22864,0.0959511111111111
873.47929,0.0853855555555556
873.72915,0.0779300000000001
873.97602,0.0693144444444445
874.22721,0.0624988888888889
874.47757,0.0550733333333333
874.72524,0.0517177777777778
874.97611,0.0486122222222223
875.22576,0.0451366666666666
875.47563,0.0389011111111111
875.72465,0.0351055555555557
875.97431,0.0304500000000001
876.2236,0.0264844444444443
876.47205,0.019838888888889
876.72353,0.0139633333333333
876.9737,0.0109477777777778
877.22233,0.00771222222222234
877.47181,0.00347666666666679
877.72026,0.000501111111111063
877.96965,0.000505555555555759
878.21794,0
878.46803,0.000932105263157901
878.71803,0.00139421052631583
878.96694,0.0056963157894736
879.21663,0.00937842105263176
879.4654,0.0133505263157896
879.71462,0.0161326315789474
879.96612,0.0208347368421054
880.2168,0.0231868421052632
880.46329,0.024848947368421
880.71535,0.021831052631579
880.9645,0.018703157894737
881.21382,0.0164152631578949
881.46157,0.0126173684210527
881.71198,0.00704947368421061
881.96251,0.0042715789473684
882.21142,0.00264368421052641
882.46144,0.00110578947368434
882.71002,0
882.96227,0.000828628571428514
883.21014,0.00209725714285725
883.46006,0.00413588571428569
883.71007,0.00569451428571432
883.95786,0.00748314285714291
884.20649,0.0115617714285714
884.45825,0.0160204000000002
884.70451,0.0181390285714285
884.95634,0.018127657142857
885.20535,0.0203462857142855
885.45455,0.0214549142857141
885.70371,0.0216435428571429
885.95527,0.0199321714285714
886.20247,0.0230007999999999
886.45282,0.0272294285714285
886.70239,0.0329680571428572
886.95307,0.0389166857142857
887.20323,0.0488253142857142
887.44996,0.061013942857143
887.7001,0.0701425714285715
887.95116,0.0748912000000002
888.1997,0.0778998285714285
888.44811,0.077168457142857
888.70108,0.0735170857142857
888.95056,0.0646957142857143
889.199,0.0558143428571427
889.44657,0.0482829714285713
889.69493,0.0404815999999999
889.94553,0.0328102285714285
890.19471,0.0265288571428572
890.44486,0.0230874857142858
890.69486,0.0200361142857144
890.94517,0.016434742857143
891.19563,0.0131033714285715
891.44278,0.0121820000000001
891.69156,0.0112406285714286
891.94191,0.00930925714285702
892.19374,0.00666788571428567
892.44164,0.00636651428571411
892.68986,0.0074751428571429
892.94123,0.00754377142857132
893.19159,0.00701240000000003
893.43898,0.00784102857142854
893.69097,0.0132496571428571
893.93925,0.0201182857142856
894.18876,0.0287569142857143
894.43708,0.0428255428571429
894.68565,0.0605341714285714
894.93602,0.0859628000000001
895.18823,0.112471428571429
895.43415,0.145650057142857
895.6831,0.182198685714286
895.93423,0.224357314285714
896.18446,0.266055942857143
896.43505,0.309454571428571
896.68196,0.3554032
896.93225,0.403151828571429
897.18457,0.445510457142857
897.43189,0.485679085714286
897.68023,0.520207714285714
897.93043,0.545796342857143
898.17969,0.550944971428571
898.43016,0.5309236
898.67936,0.485782228571429
898.93039,0.421900857142857
899.17922,0.348739485714286
899.42607,0.280838114285714
899.67653,0.225506742857143
899.92703,0.185135371428571
900.17628,0.151584
900.42695,0.123402628571428
900.67406,0.100911257142857
900.92457,0.0834798857142858
901.17281,0.0726485142857143
901.4219,0.0671071428571428
901.67279,0.0693957714285716
901.92211,0.0808244
902.17271,0.102133028571429
902.42129,0.128151657142857
902.66947,0.162780285714286
902.92064,0.203568914285714
903.17032,0.250357542857143
903.41789,0.297596171428571
903.66824,0.3454648
903.919,0.393063428571429
904.16884,0.437802057142857
904.41748,0.472650685714286
904.66676,0.494449314285714
904.91669,0.496687942857143
905.16724,0.474996571428572
905.41514,0.4265452
905.66484,0.360343828571429
905.91427,0.291592457142857
906.1666,0.236041085714286
906.41475,0.200139714285714
906.66336,0.182788342857143
906.91277,0.184126971428571
907.16069,0.2019256
907.41281,0.230174228571429
907.65913,0.263822857142857
907.90864,0.306071485714286
908.16132,0.349970114285714
908.41095,0.399288742857143
908.66039,0.447467371428572
908.9088,0.496736
909.15812,0.545754628571429
909.41015,0.593253257142857
909.65643,0.628521885714286
909.90687,0.636450514285714
910.157,0.588309142857143
910.40563,0.473327771428571
910.65474,0.3258264
910.90434,0.202115028571429
911.15353,0.122283657142857
911.40327,0.0793322857142857
911.6531,0.0558609142857143
911.90226,0.0419595428571429
912.15257,0.0348781714285715
912.40224,0.0318168000000001
912.65146,0.0317254285714286
912.90104,0.0296740571428573
913.14996,0.0288426857142858
913.40098,0.0296013142857143
913.64788,0.0356499428571428
913.89977,0.0424485714285714
914.14887,0.0540471999999999
914.39762,0.0723858285714285
914.6478,0.099554457142857
914.89416,0.130303085714286
915.14627,0.167741714285714
915.39543,0.209660342857143
915.6449,0.257618971428571
915.89429,0.3068776
916.14352,0.360056228571429
916.39413,0.413434857142857
916.64042,0.470113485714286
916.89328,0.526562114285714
917.14142,0.580430742857143
917.39181,0.631049371428571
917.64146,0.671408
917.89025,0.688156628571428
918.1385,0.642995257142857
918.39079,0.518793885714286
918.64171,0.352662514285714
918.89022,0.215171142857143
919.13812,0.128439771428571
919.38642,0.0867984000000002
919.63919,0.0685670285714286
919.88792,0.0685156571428573
920.13548,0.0725242857142858
920.38583,0.0792529142857143
920.63535,0.085221542857143
920.88536,0.0900301714285716
921.13352,0.0880288
921.38503,0.0801474285714285
921.63353,0.0684560571428572
921.88242,0.0555546857142857
922.13105,0.0453633142857144
922.38184,0.0340219428571429
922.63235,0.0258805714285715
922.88039,0.0204492000000001
923.12916,0.0177478285714285
923.38043,0.0150064571428572
923.63055,0.0134750857142858
923.87844,0.0100537142857144
924.12786,0.0106723428571429
924.37865,0.00844097142857159
924.62981,0.00742960000000004
924.87448,0.00412822857142858
925.12675,0.00327685714285719
925.37382,0.00279548571428578
925.62529,0.00116411428571439
925.8752,0
926.12411,0
926.37328,0
926.62513,4.000000000004e-05
926.87259,0
927.12043,0
927.37119,0
927.62246,0
927.87061,0.000220000000000109
928.12026,0
928.36957,0
928.61926,0
928.86943,0.000555000000000083
929.1163,0
929.36756,0
929.6189,0
929.86803,0
930.11536,9.85714285706152e-06
930.36558,0.00371971428571416
930.61671,0.0112095714285714
930.86476,0.0204494285714283
931.1152,0.0344392857142857
931.36199,0.0551091428571426
931.61118,0.081909
931.86314,0.112348857142857
932.1139,0.148768714285714
932.36156,0.188198571428571
932.61365,0.235308428571428
932.86204,0.281788285714285
933.10752,0.330628142857143
933.35897,0.376178
933.60763,0.418857857142857
933.8582,0.446247714285714
934.10931,0.448357571428571
934.35838,0.410197428571428
934.60744,0.335977285714286
934.85891,0.243757142857143
935.10649,0.159697
935.35493,0.097736857142857
935.60286,0.0597067142857144
935.85553,0.0406765714285713
936.10376,0.0288964285714284
936.35332,0.0216962857142857
936.60277,0.0163261428571428
936.855,0.0170359999999998
937.1028,0.0147058571428571
937.35311,0.0144857142857142
937.60093,0.0131555714285714
937.85382,0.0160554285714285
938.09959,0.0179052857142856
938.35047,0.0199651428571428
938.59909,0.020035
938.84991,0.0213648571428571
939.0987,0.0206947142857143
939.34819,0.0188745714285714
939.59687,0.0150844285714284
939.84712,0.0125942857142858
940.097,0.0113541428571429
940.34633,0.00818399999999997
940.593,0.00635385714285719
940.84536,0.00425371428571419
941.09327,0.00556357142857156
941.34191,0.00415342857142842
941.59536,0.00475328571428557
941.8435,0.00378314285714287
942.09305,0.00689299999999982
942.34051,0.0098328571428572
942.58984,0.0126927142857143
942.84265,0.0144425714285714
943.09101,0.0196724285714287
943.34001,0.0226822857142857
943.59001,0.0234721428571427
943.83805,0.0222420000000001
944.09013,0.0204818571428571
944.33855,0.0184417142857143
944.58649,0.0139015714285715
944.83739,0.0102914285714284
945.08621,0.00681128571428569
945.3356,0.00637114285714291
945.58418,0.00287099999999985
945.83663,0.00080085714285727
946.08338,0
946.33484,0.000230571428571524
946.58207,0
946.83559,0
947.08284,0
947.33199,0.000380000000000047
947.58116,0
947.83179,0
948.07858,0
948.32951,0
948.58009,0
948.83182,0
949.08002,0.000152962962962855
949.32712,0.00290592592592587
949.57885,0.00421888888888877
949.82685,0.00462185185185193
950.07497,0.00693481481481473
950.32615,0.00868777777777785
950.57623,0.0124207407407406
950.82559,0.0144037037037037
951.07676,0.0154666666666665
951.32237,0.0165496296296297
951.57387,0.0197225925925926
951.82446,0.0195155555555557
952.07401,0.0191485185185185
952.32123,0.0182314814814815
952.56997,0.0188544444444445
952.82104,0.0164274074074076
953.07272,0.0138503703703703
953.3211,0.0113533333333333
953.57035,0.0105362962962963
953.81974,0.00875925925925936
954.07109,0.00613222222222221
954.31761,0.00325518518518519
954.56679,0.00335814814814817
954.8178,0.00376111111111133
955.06754,0.00159407407407408
955.31525,4.70370370371231e-05
955.56552,0
955.81508,0
956.06404,0
956.31433,0
956.56186,0
956.81398,0.000890000000000057
957.06495,0
957.31178,0
957.56002,0.000570624999999936
957.81272,0.00317093749999997
958.0612,0.00585125000000009
958.31035,0.00849156250000016
958.55773,0.0116818750000001
958.80843,0.0170721874999999
959.06057,0.0236324999999999
959.31023,0.0303728125
959.55619,0.040563125
959.80783,0.0530834375
960.05634,0.06825375
960.30643,0.0809740625000002
960.55597,0.0922643750000001
960.80665,0.0977946875
961.05429,0.100385
961.30489,0.0933853125000002
961.55334,0.081185625
961.80386,0.0649459374999999
962.05199,0.0507662500000001
962.30129,0.0356365625000001
962.54985,0.0236368750000002
962.8009,0.0151871875
963.0518,0.0102075000000001
963.30175,0.00847781250000001
963.54781,0.00407812499999993
963.80005,0.00285843750000003
964.04659,0.00152875000000008
964.29844,0.00301906250000017
964.5459,0.00146937500000011
964.79802,0.000779687499999904
965.04516,0
965.29728,0
965.5472,0.000467499999999843
965.79528,5.49999999999162e-05
966.04371,0
966.29436,0.000949999999999784
966.54531,0
966.79191,0.000423500000000132
967.04328,0.00204699999999991
967.29366,0.00534049999999975
967.53896,0.00978400000000001
967.7903,0.0124075000000001
968.03897,0.015431
968.29104,0.0176044999999998
968.5391,0.021028
968.78897,0.0199115000000001
969.03826,0.0179849999999999
969.28923,0.0147884999999999
969.53972,0.0135419999999999
969.78799,0.00943550000000015
970.03698,0.00676900000000002
970.28753,0.00318249999999987
970.53617,0.00219599999999986
970.7855,0.00189950000000016
971.03457,0.000923000000000007
971.2843,0
971.53363,0
971.78437,0.000887368421052637
972.03234,0.000184736842105293
972.28239,0.000232105263157978
972.532,0.000609473684210382
972.78233,0.00315684210526324
973.02986,0.00275421052631586
973.28185,0.00399157894736835
973.52987,0.00289894736842111
973.77834,0.00673631578947376
974.02794,0.00756368421052622
974.27879,0.00856105263157869
974.52845,0.00737842105263153
974.77929,0.00989578947368419
975.02724,0.00967315789473666
975.27908,0.00855052631578945
975.52722,0.00551789473684194
975.77504,0.00364526315789448
976.02453,0.00231263157894745
976.27536,0
976.52428,0
976.77227,0
977.02227,0.00134333333333325
977.27305,0
977.52544,0
977.7709,0.000624615384615446
978.02026,0.00384923076923083
978.26882,0.00303384615384616
978.52002,0.00277846153846162
978.77005,0.000603076923076928
979.01921,0.00104769230769253
979.26686,0
979.518,5.69230769231766e-05
979.76822,0
980.01655,0.000756153846154017
980.26574,0.00235076923076916
980.51782,0.00283538461538457
980.76486,0.0012700000000001
981.01471,0
981.26438,0.000892500000000185
981.51297,0
981.76328,0
982.01408,0
982.26247,0.00301375000000004
982.51207,0.00310750000000026
982.76155,0.00530125000000026
983.01198,0.00912500000000005
983.26095,0.01442875
983.51181,0.0160125
983.75907,0.0199262500000001
984.00909,0.0228000000000002
984.26047,0.0275237499999998
984.50894,0.0305074999999999
984.75916,0.03176125
985.00681,0.0314950000000001
985.25673,0.0310287500000002
985.50685,0.0292625000000002
985.75431,0.02343625
986.00475,0.0185299999999999
986.25434,0.01371375
986.50425,0.0105474999999999
986.75332,0.00538125000000012
987.00321,0.00191500000000011
987.25268,0.000138749999999854
987.50132,0.00102249999999993
987.75087,0
988.00076,0
988.25122,0.000881111111110888
988.50147,0.00211666666666677
988.75,0.00263222222222215
988.99831,0.00333777777777766
989.24718,0.00431333333333317
989.49799,0.00698888888888893
989.7486,0.00991444444444434
989.99649,0.0108200000000001
990.24432,0.0125855555555554
990.49615,0.0156011111111112
990.74579,0.0199566666666666
990.99535,0.0213022222222221
991.24585,0.0240377777777776
991.49407,0.0270633333333334
991.74418,0.0316888888888889
991.99291,0.0330444444444444
992.24309,0.03532
992.49379,0.0352155555555556
992.74117,0.0353311111111112
992.98913,0.0323566666666666
993.24097,0.0275122222222222
993.48934,0.0209977777777779
993.74015,0.0168633333333335
993.98805,0.0120288888888889
994.23945,0.00660444444444441
994.48981,0.00161000000000011
994.73693,5.55555555556975e-05
994.98737,0
995.23614,0
995.48649,0
995.73736,0.000357777777777901
995.98488,0.00613333333333332
996.23448,0.011438888888889
996.48432,0.0183844444444443
996.73472,0.02624
996.98135,0.0367555555555557
997.23262,0.0439511111111111
997.4809,0.0494566666666667
997.73231,0.0532522222222225
997.97948,0.0558477777777779
998.23091,0.0538433333333335
998.4775,0.0470688888888888
998.72989,0.0373244444444447
998.97959,0.0282200000000001
999.22889,0.0196255555555556
999.48024,0.011341111111111
999.72868,0.00455666666666676
999.97712,0.00303222222222232
1000.22864,0.00312777777777784
1000.47492,0.000383333333333402
1000.72847,0
1000.97579,0
1001.22372,0
1001.47499,0
1001.72573,0
1001.97354,0.000991904761904694
1002.22372,0.00442380952380961
1002.47185,0.00747571428571447
1002.72311,0.0115176190476192
1002.97034,0.0159295238095238
1003.2215,0.0207714285714287
1003.47247,0.0227733333333333
1003.71985,0.0236552380952382
1003.96945,0.0215071428571429
1004.21888,0.0190790476190477
1004.46957,0.0143909523809524
1004.7181,0.00920285714285707
1004.96819,0.00386476190476182
1005.21546,0.000296666666666834
1005.46699,0
1005.71518,0
1005.96602,0
1006.21497,0.000704285714285602
1006.46408,0.00471619047619054
1006.7128,0.00880809523809534
1006.96259,0.0121600000000002
1007.21412,0.0155319047619047
1007.46059,0.0193238095238095
1007.71199,0.0212357142857145
1007.96105,0.0209376190476191
1008.21152,0.0196995238095239
1008.46035,0.0196514285714287
1008.70889,0.0190533333333334
1008.96097,0.0157752380952383
1009.21047,0.0136071428571429
1009.45803,0.0123090476190477
1009.70756,0.0124509523809524
1009.95857,0.0102828571428573
1010.20661,0.00740476190476191
1010.45567,0.00645666666666678
1010.70446,0.00539857142857159
1010.9562,0.00320047619047625
1011.20531,0
1011.4533,0
1011.70461,0.00041619047619057
1011.95325,0
1012.20307,0
1012.45126,0
1012.7022,0.00422624999999988
1012.95354,0.00456531250000003
1013.20216,0.00572437500000023
1013.45013,0.00826343749999991
1013.70126,0.00961250000000002
1013.95005,0.0130115625000002
1014.19793,0.0125306249999999
1014.44909,0.0117896875000001
1014.69976,0.0133487500000002
1014.95032,0.0169178125
1015.19393,0.0188468750000002
1015.4463,0.0206559374999999
1015.6964,0.0235650000000001
1015.94758,0.0276740625
1016.19553,0.0294331249999999
1016.44542,0.0300221875
1016.69333,0.0294812499999999
1016.94406,0.0279103125
1017.19251,0.025319375
1017.44327,0.0195884374999999
1017.69207,0.0144075000000001
1017.94063,0.00977656250000014
1018.19292,0.00794562500000007
1018.44009,0.00391468750000001
1018.68962,0.0019537500000002
1018.94175,0.000152812499999877
1019.19062,0.000891874999999986
1019.43507,0.000390937499999966
1019.68919,0
1019.93886,0.000604444444444407
1020.18727,0.00492888888888898
1020.43741,0.0102533333333334
1020.68594,0.0178577777777778
1020.93536,0.0301222222222224
1021.18371,0.0504866666666668
1021.43424,0.0767411111111111
1021.68424,0.108135555555556
1021.93294,0.14753
1022.1834,0.193814444444444
1022.43233,0.246508888888889
1022.6819,0.300853333333333
1022.93081,0.358957777777778
1023.18329,0.419312222222222
1023.43062,0.477576666666667
1023.68054,0.527431111111111
1023.9282,0.561155555555556
1024.17961,0.56827
1024.4276,0.533344444444444
1024.68054,0.451478888888889
1024.9281,0.342063333333333
1025.1774,0.236037777777778
1025.4257,0.154142222222222
1025.67614,0.0987866666666668
1025.92588,0.0619611111111111
1026.1752,0.0398255555555556
1026.42287,0.0275800000000002
1026.67443,0.0205344444444444
1026.92372,0.0144788888888887
1027.17334,0.0101333333333333
1027.42291,0.00938777777777777
1027.67134,0.00850222222222219
1027.92313,0.00541666666666663
1028.17282,0.00213111111111108
1028.41903,0.000985555555555573
1028.66903,0
1028.91798,0.000638750000000021
1029.16822,0
1029.41933,0
1029.66861,0.00077499999999997
1029.91711,0.000543749999999843
1030.16788,0
1030.41748,0
1030.66551,0
1030.91429,0
1031.16775,0
1031.41261,0
1031.6636,0.000517499999999949
1031.91233,0.00183
1032.16565,0
1032.41325,0
1032.66207,0
1032.91283,0
1033.16429,0
1033.41353,0
1033.66041,0.002888
1033.90841,0.0056719999999999
1034.15998,0.00670599999999988
1034.4093,0.0076299999999998
1034.66018,0.00838399999999995
1034.9073,0.00815799999999989
1035.15539,0.00687199999999977
1035.40753,0.00330599999999981
1035.65598,0.000869999999999926
1035.90671,0
1036.15462,3.28571428569457e-05
1036.40611,0
1036.65374,0
1036.90472,0.000901428571428609
1037.15241,0.00104428571428583
1037.4012,0.000827142857142915
1037.6537,0
1037.90254,3.92156862538684e-07
1038.15054,0.000840588235293982
1038.4026,0.00416078431372546
1038.65039,0.00901098039215698
1038.89858,0.0202011764705883
1039.14747,0.0361413725490196
1039.40024,0.054941568627451
1039.64664,0.0770817647058823
1039.89797,0.107251960784314
1040.14862,0.136902156862745
1040.39892,0.166872352941176
1040.64448,0.192102549019608
1040.89585,0.217102745098039
1041.1456,0.235002941176471
1041.39608,0.241863137254902
1041.64312,0.234463333333333
1041.89407,0.215903529411765
1042.14419,0.189163725490196
1042.39385,0.154643921568627
1042.64163,0.121044117647059
1042.89246,0.0917643137254904
1043.14167,0.0720745098039215
1043.39213,0.058044705882353
1043.64115,0.0508749019607844
1043.88946,0.0456850980392156
1044.13843,0.045975294117647
1044.3904,0.0478754901960785
1044.63922,0.0503956862745099
1044.88768,0.0511458823529412
1045.13716,0.0537160784313726
1045.38628,0.055566274509804
1045.63548,0.0550664705882353
1045.88694,0.0533166666666667
1046.13418,0.0518568627450982
1046.38566,0.0527070588235294
1046.63452,0.0515972549019608
1046.88371,0.0492474509803922
1047.13323,0.0460376470588237
1047.38143,0.0429078431372549
1047.63286,0.0363080392156863
1047.88219,0.0293082352941179
1048.13035,0.021628431372549
1048.37925,0.0167986274509804
1048.62832,0.010718823529412
1048.87898,0.00643901960784321
1049.12754,0.00244921568627454
1049.37856,0.00143941176470608
1049.62596,0.000699607843137384
1049.87951,0.0011998039215686
1050.12664,0
1050.37693,0.00144916666666672
1050.62738,0.00255833333333344
1050.87302,0.00346750000000018
1051.12618,0.00424666666666673
1051.37419,0.00738583333333342
1051.62546,0.00942500000000002
1051.87504,0.00938416666666675
1052.12511,0.00816333333333352
1052.37352,0.00604250000000017
1052.62343,0.00574166666666676
1052.87366,0.00203083333333343
1053.12058,0
1053.37037,0.00065242990654224
1053.62022,0.00498485981308416
1053.87033,0.00839728971962628
1054.11853,0.0140997196261683
1054.36732,0.0203421495327103
1054.62016,0.0311945794392523
1054.86952,0.0404970093457944
1055.1165,0.0499194392523366
1055.36573,0.0585818691588786
1055.61711,0.0674542990654208
1055.86667,0.0747067289719627
1056.11757,0.0760591588785047
1056.36574,0.0741615887850466
1056.61604,0.0691940186915889
1056.86499,0.063756448598131
1057.11293,0.053258878504673
1057.36328,0.043301308411215
1057.61449,0.0336037383177572
1057.86281,0.0275961682242993
1058.11155,0.0209285981308411
1058.36064,0.0160710280373833
1058.61092,0.0132534579439252
1058.86017,0.0131958878504674
1059.10974,0.0115483177570095
1059.35849,0.00945074766355147
1059.60871,0.0080031775700935
1059.85816,0.0097556074766354
1060.10747,0.0124480373831775
1060.35689,0.0142604672897197
1060.60598,0.0171928971962618
1060.85449,0.0214153271028039
1061.10517,0.0285877570093458
1061.35655,0.032550186915888
1061.60576,0.03957261682243
1061.85483,0.0484550467289719
1062.10245,0.062167476635514
1062.35435,0.076809906542056
1062.60098,0.0945123364485982
1062.85112,0.11488476635514
1063.10101,0.136337196261682
1063.35338,0.155129626168224
1063.60049,0.166472056074767
1063.85078,0.172154485981308
1064.09963,0.16811691588785
1064.34976,0.155049345794392
1064.59865,0.133711775700935
1064.84938,0.110824205607477
1065.09806,0.0902466355140188
1065.3468,0.072959065420561
1065.59738,0.0585414953271028
1065.84644,0.0508139252336448
1066.09569,0.0486863551401868
1066.34505,0.051088785046729
1066.59475,0.0559612149532711
1066.84376,0.0641136448598132
1067.09483,0.0762060747663553
1067.34251,0.0891685046728974
1067.59273,0.101350934579439
1067.84303,0.109183364485981
1068.09229,0.117125794392523
1068.3415,0.122248224299065
1068.5931,0.124220654205607
1068.83982,0.12365308411215
1069.09158,0.122485514018692
1069.33799,0.119107943925234
1069.5876,0.115180373831776
1069.84013,0.108072803738318
1070.0869,0.0995852336448597
1070.33787,0.0892676635514018
1070.58541,0.0779000934579439
1070.83759,0.0652325233644862
1071.08441,0.0539849532710281
1071.33671,0.04650738317757
1071.58324,0.0421398130841122
1071.83456,0.0381022429906541
1072.0829,0.0358346728971963
1072.33402,0.0360471028037384
1072.58189,0.0371795327102804
1072.83399,0.0369419626168226
1073.08224,0.0335243925233646
1073.33093,0.0322468224299064
1073.57998,0.0300992523364485
1073.82896,0.0269516822429907
1074.07836,0.0215541121495326
1074.32929,0.0185765420560748
1074.57891,0.017108971962617
1074.82617,0.017491401869159
1075.07809,0.0177038317757008
1075.32801,0.021296261682243
1075.57743,0.0280386915887849
1075.82677,0.034841121495327
1076.0761,0.0420335514018693
1076.32445,0.0465859813084113
1076.57481,0.0513584112149534
1076.8238,0.0524808411214954
1077.07622,0.0497932710280373
1077.32215,0.0434057009345794
1077.57306,0.0377181308411214
1077.82258,0.0311605607476635
1078.07329,0.0254329906542057
1078.32058,0.0176454205607477
1078.5715,0.0120378504672898
1078.82143,0.0087402803738319
1079.07061,0.0062227102803738
1079.31878,0.00323514018691573
1079.5696,3.75700934578393e-05
1079.81624,0
1080.0706,0.000867647058823584
1080.31551,0.000755294117646965
1080.56874,0
1080.81469,0.00106058823529409
1081.06817,0.00313823529411761
1081.31501,0.00394588235294102
1081.56506,0.00346352941176487
1081.81519,0.00500117647058818
1082.06619,0.00619882352941192
1082.31251,0.00657647058823518
1082.55906,0.00387411764705892
1082.81197,0.00287176470588224
1083.06069,0.00338941176470597
1083.31131,0.0030470588235294
1083.56259,0.00193470588235289
1083.81055,0.000672352941176291
1084.05958,0
1084.30848,0
1084.55761,0
1084.80872,0
1085.06059,0
1085.30695,0.000732222222222134
1085.5553,0.00348777777777776
1085.80689,0.00366333333333335
1086.05727,0.00542888888888871
1086.30636,0.00750444444444431
1086.55293,0.00890999999999997
1086.8049,0.00630555555555556
1087.05505,0.00404111111111116
1087.30288,0.00181666666666658
1087.55334,0.000592222222222105
1087.80323,0
1088.05342,0
1088.30273,0
1088.55188,0.00559444444444424
1088.80125,0.0161899999999999
1089.051,0.0296355555555554
1089.30111,0.0496211111111111
1089.55026,0.0749966666666664
1089.79838,0.104852222222222
1090.05005,0.134287777777778
1090.29804,0.164713333333333
1090.54834,0.192478888888889
1090.79714,0.212354444444444
1091.04557,0.21922
1091.29574,0.212795555555555
1091.54535,0.193791111111111
1091.79542,0.165486666666667
1092.04351,0.130852222222222
1092.29588,0.0959577777777776
1092.54304,0.0675333333333332
1092.79219,0.0466988888888886
1093.04267,0.0303844444444443
1093.29122,0.0174999999999998
1093.53943,0.0104055555555556
1093.78982,0.0052511111111111
1094.0398,0.00340666666666634
1094.29241,0
1094.53819,0
1094.79119,0
1095.03891,0.00127888888888861
1095.28694,0.00122444444444425
1095.53595,3.9999999999818e-05
1095.78717,0
1096.03657,0.00117500000000015
1096.28624,0.00046999999999997
1096.53575,0.00018499999999988
1096.78499,0
1097.03336,0
1097.28396,0
1097.53209,0
1097.78201,0
1098.03302,0
1098.28131,0.00129500000000005
1098.53057,0
1098.78205,0
1099.03195,0.000642857142856945
1099.28015,0.00228928571428555
1099.53087,0.00174571428571424
1099.77987,0.00145214285714279
1100.0278,0.0023385714285713
1100.27682,0.00450499999999976
1100.52869,0.00536142857142852
1100.77585,0.003837857142857
1101.02665,0.00385428571428559
1101.2762,0.00470071428571428
1101.52567,0.00410714285714286
1101.7735,0.00185357142857123
1102.02313,0
1102.27421,0
1102.52238,0
1102.77218,0
1103.02256,9.57142857145321e-05
1103.27262,0.00296142857142856
1103.52193,0.00758714285714301
1103.7698,0.0108128571428572
1104.01972,0.0124685714285715
1104.2686,0.0163342857142856
1104.51868,0.0204600000000001
1104.76802,0.0226757142857144
1105.01812,0.0235214285714287
1105.26804,0.024797142857143
1105.51709,0.0256928571428572
1105.76766,0.0242285714285715
1106.01712,0.0190242857142857
1106.26633,0.0160100000000001
1106.5178,0.0140157142857145
1106.76635,0.00979142857142867
1107.01382,0.00393714285714308
1107.26621,0.00138285714285713
1107.51455,0
1107.76186,0.000474285714285649
1108.01268,0
1108.26028,0.00188744868035196
1108.51354,0.00779489736070382
1108.76002,0.0160423460410557
1109.01034,0.0277897947214076
1109.26106,0.0435672434017598
1109.51078,0.0666646920821115
1109.75768,0.0941021407624634
1110.00877,0.126339589442815
1110.2573,0.160817038123167
1110.50789,0.201324486803519
1110.75722,0.245311935483871
1111.00757,0.289609384164223
1111.25509,0.334746832844575
1111.50535,0.382114281524927
1111.75335,0.427431730205279
1112.00475,0.469029178885631
1112.25235,0.504106627565982
1112.5042,0.531274076246334
1112.75413,0.543481524926686
1113.0006,0.531478973607038
1113.25253,0.49039642228739
1113.50254,0.424153870967742
1113.75215,0.342861319648094
1114.00057,0.261758768328446
1114.25016,0.193316217008798
1114.49832,0.13974366568915
1114.74871,0.103571114369502
1114.99774,0.0786785630498534
1115.24711,0.0607560117302053
1115.49768,0.0459134604105573
1115.74712,0.0356709090909091
1115.99675,0.0291983577712611
1116.24537,0.0233358064516129
1116.49622,0.017213255131965
1116.74789,0.0139907038123168
1116.99375,0.0133381524926688
1117.24552,0.0124956011730206
1117.49259,0.0134730498533724
1117.74383,0.0176004985337244
1117.99062,0.0255679472140764
1118.24317,0.0337853958944283
1118.49116,0.0451028445747801
1118.74248,0.0555802932551319
1118.99093,0.072907741935484
1119.23966,0.0912551906158356
1119.48851,0.114932639296188
1119.74073,0.13952008797654
1119.98923,0.172737536656892
1120.23801,0.210364985337243
1120.48837,0.252132434017595
1120.73727,0.299989882697947
1120.98647,0.352837331378299
1121.23666,0.411484780058651
1121.4854,0.470452228739003
1121.73689,0.533069677419355
1121.98433,0.597907126099707
1122.2335,0.666524574780059
1122.48435,0.735552023460411
1122.73202,0.806189472140763
1122.98153,0.880386920821114
1123.23103,0.961074369501466
1123.48336,1.04324181818182
1123.73209,1.12810926686217
1123.98093,1.21431671554252
1124.23059,1.30373416422287
1124.47888,1.39445161290323
1124.73011,1.48076906158358
1124.97716,1.55029651026393
1125.22953,1.56537395894428
1125.47736,1.44336140762463
1125.72706,1.13845885630499
1125.97661,0.772476304985337
1126.22729,0.484293753665689
1126.47567,0.302911202346041
1126.72626,0.201648651026393
1126.97352,0.152886099706745
1127.22482,0.134303548387097
1127.47236,0.137950997067449
1127.72492,0.151748445747801
1127.9737,0.172505894428153
1128.22297,0.192333343108504
1128.47042,0.212310791788856
1128.72039,0.224188240469208
1128.97091,0.22463568914956
1129.21962,0.209893137829912
1129.47001,0.185180586510264
1129.71934,0.155678035190616
1129.96946,0.123845483870968
1130.21856,0.0952529325513196
1130.46959,0.0724203812316717
1130.71846,0.0575478299120236
1130.96786,0.0453352785923753
1131.21625,0.0360327272727272
1131.46645,0.0277101759530793
1131.71636,0.0225476246334313
1131.96621,0.0178350733137831
1132.21455,0.013912521994135
1132.46286,0.00960997067448699
1132.71315,0.00868741935483874
1132.96224,0.00959486803519072
1133.21281,0.0123023167155425
1133.46225,0.0142297653958945
1133.71062,0.0200272140762463
1133.96121,0.0276346627565982
1134.21029,0.0339721114369502
1134.45967,0.043459560117302
1134.70901,0.0473670087976539
1134.95859,0.0539744574780059
1135.20901,0.0572819061583578
1135.45876,0.0591593548387097
1135.7073,0.0571768035190616
1135.95736,0.0558842521994136
1136.20557,0.0543317008797655
1136.45388,0.0499691495601173
1136.70356,0.0441365982404693
1136.95437,0.0392940469208212
1137.20364,0.0339914956011729
1137.4531,0.0290689442815248
1137.70296,0.023836392961877
1137.95412,0.0188738416422289
1138.20134,0.0176612903225806
1138.45252,0.0181187390029327
1138.70076,0.0179561876832846
1138.95255,0.0180836363636363
1139.20021,0.0213310850439883
1139.45002,0.0262285337243402
1139.69771,0.0293959824046923
1139.94984,0.0293534310850441
1140.19833,0.0314908797653959
1140.44904,0.0312883284457479
1140.69874,0.0309057771260999
1140.94724,0.0288932258064516
1141.19651,0.0274806744868035
1141.44658,0.0264881231671557
1141.69432,0.0254555718475074
1141.94715,0.0239230205278593
1142.19304,0.0200504692082113
1142.44392,0.0198679178885632
1142.69518,0.020885366568915
1142.94312,0.0208228152492669
1143.19323,0.0210202639296189
1143.44293,0.0252477126099706
1143.69034,0.0302651612903226
1143.94284,0.0348926099706746
1144.192,0.0388400586510265
1144.43802,0.0449175073313783
1144.6888,0.0503249560117303
1144.93793,0.0564824046920822
1145.189,0.0630398533724339
1145.43708,0.0712373020527859
1145.68754,0.085584750733138
1145.93752,0.10175219941349
1146.18815,0.124469648093842
1146.43566,0.152177096774194
1146.68345,0.190114545454546
1146.93393,0.233051994134897
1147.1862,0.283239442815249
1147.43493,0.337636891495601
1147.6839,0.399174340175953
1147.93258,0.464741788856305
1148.18055,0.532039237536657
1148.43104,0.598466686217009
1148.68186,0.666234134897361
1148.92997,0.731791583577713
1149.18271,0.792629032258065
1149.4295,0.842286480938417
1149.67878,0.879223929618768
1149.92917,0.89577137829912
1150.18,0.884138826979472
1150.42654,0.847166275659824
1150.67603,0.788423724340176
1150.92661,0.725911173020528
1151.17896,0.66446862170088
1151.42549,0.605266070381232
1151.67468,0.541393519061584
1151.9249,0.471930967741935
1152.17387,0.392828416422287
1152.42368,0.310015865102639
1152.67207,0.232543313782991
1152.92363,0.170760762463343
1153.17305,0.125038211143695
1153.42157,0.0923156598240469
1153.66921,0.070123108504399
1153.92147,0.0565805571847509
1154.17161,0.0481780058651027
1154.42103,0.0411954545454545
1154.67142,0.0371629032258065
1154.92001,0.0346603519061586
1155.16979,0.0372778005865102
1155.4188,0.0407252492668622
1155.66726,0.0469726979472143
1155.91797,0.0552901466275662
1156.16733,0.0671775953079179
1156.41551,0.0797450439882699
1156.66513,0.0927924926686219
1156.91595,0.103269941348973
1157.1673,0.112157390029326
1157.41394,0.116614838709677
1157.66326,0.115172287390029
1157.91271,0.107219736070381
1158.1629,0.0959871847507332
1158.41176,0.0858146334310852
1158.66198,0.0720720821114369
1158.91179,0.0623695307917889
1159.16039,0.0558669794721409
1159.41171,0.0563344281524929
1159.65852,0.0576418768328446
1159.90974,0.0638293255131965
1160.15659,0.0729167741935486
1160.40501,0.0829042228739003
1160.66037,0.0896016715542522
1160.90639,0.0938691202346043
1161.15456,0.0934365689149561
1161.40729,0.0892340175953079
1161.65659,0.0817114662756599
1161.90436,0.0694489149560118
1162.1534,0.0561063636363637
1162.40789,0.0443938123167156
1162.65268,0.0354612609970675
1162.90127,0.0262987096774194
1163.15229,0.0185361583577712
1163.40264,0.0130536070381231
1163.65124,0.0109810557184751
1163.90011,0.00981850439882703
1164.14879,0.00995595307917885
1164.40016,0.0142334017595309
1164.64964,0.0217708504398828
1164.89857,0.0350182991202346
1165.1491,0.0506957478005865
1165.40002,0.0735931964809384
1165.64673,0.10148064516129
1165.89661,0.136288093841642
1166.14559,0.171645542521994
1166.39845,0.213212991202346
1166.64536,0.257120439882698
1166.89445,0.30417788856305
1167.14435,0.349255337243402
1167.39657,0.391072785923754
1167.64464,0.428310234604105
1167.89287,0.454067683284457
1168.1432,0.458915131964809
1168.39342,0.436422580645161
1168.64126,0.386340029325513
1168.89158,0.318417478005865
1169.13747,0.246984926686217
1169.39367,0.185172375366569
1169.64076,0.139829824046921
1169.88894,0.112137272727273
1170.13883,0.0967747214076247
1170.38833,0.0872521700879765
1170.63795,0.0833696187683284
1170.88618,0.0806770674486805
1171.13748,0.0796745161290324
1171.3885,0.0747719648093841
1171.63479,0.067099413489736
1171.88607,0.0600268621700881
1172.13522,0.0511443108504399
1172.38341,0.0408617595307919
1172.634,0.0311492082111438
1172.8824,0.0252866568914958
1173.13236,0.0207141055718474
1173.38243,0.0168615542521995
1173.63234,0.0137790029325515
1173.88188,0.0142664516129032
1174.13079,0.0150439002932552
1174.38254,0.0163613489736072
1174.63237,0.016568797653959
1174.8789,0.0180562463343108
1175.12849,0.0210336950146628
1175.38026,0.0232811436950147
1175.62873,0.0243485923753668
1175.87803,0.0238760410557184
1176.12738,0.0245634897360705
1176.37642,0.0265509384164224
1176.62701,0.0272983870967742
1176.87503,0.0269458357771262
1177.12369,0.0295432844574781
1177.37272,0.03373073313783
1177.62348,0.0400181818181817
1177.87484,0.0472456304985338
1178.1226,0.0595630791788857
1178.37335,0.0768605278592376
1178.62294,0.0984979765395895
1178.87141,0.122855425219941
1179.12025,0.150402873900293
1179.36951,0.181170322580645
1179.62069,0.212207771260997
1179.8687,0.239395219941349
1180.11913,0.261422668621701
1180.36639,0.276890117302053
1180.6197,0.279457565982405
1180.86731,0.269525014662757
1181.11955,0.241192463343108
1181.3658,0.20909991202346
1181.61826,0.172197360703812
1181.86601,0.138484809384164
1182.11419,0.108252258064516
1182.36478,0.087639706744868
1182.61591,0.0750071554252201
1182.86348,0.0696046041055718
1183.11318,0.0676120527859239
1183.36068,0.0689295014662756
1183.61321,0.0742969501466277
1183.86055,0.0831043988269795
1184.11087,0.0930318475073315
1184.36096,0.102149296187683
1184.61047,0.114206744868035
1184.85924,0.124954193548387
1185.10806,0.134491642228739
1185.35888,0.139129090909091
1185.60564,0.141496539589443
1185.85692,0.139953988269795
1186.10778,0.136871436950147
1186.35498,0.128288885630499
1186.60407,0.11771633431085
1186.85351,0.107413782991202
1187.10594,0.0983812316715544
1187.35498,0.088178680351906
1187.6047,0.076856129032258
1187.85488,0.0683535777126101
1188.10348,0.0604510263929621
1188.35294,0.0518884750733137
1188.60091,0.0417459237536657
1188.85154,0.0351933724340177
1189.10166,0.0299908211143693
1189.34984,0.0261782697947215
1189.599,0.0214257184750735
1189.85143,0.0202031671554253
1190.09878,0.0193306158357771
1190.34867,0.0180680645161291
1190.59737,0.016625513196481
1190.84842,0.0138029618768329
1191.09818,0.0123604105571848
1191.34506,0.00949785923753677
1191.595,0.00644530791788878
1191.84754,0.00256275659824046
1192.09641,0.000230205278592299
1192.34352,0.000277653958944413
1192.59396,0
1192.8415,0
1193.09422,0.000318333333333198
1193.34205,0.00166666666666671
1193.59107,0.00333500000000009
1193.84241,0.00478333333333314
1194.09181,0.00649166666666678
1194.3402,0.00997000000000003
1194.5891,0.0129283333333332
1194.83884,0.0140166666666668
1195.09032,0.0136350000000001
1195.33796,0.0142333333333333
1195.58739,0.0149616666666668
1195.83953,0.01355
1196.08677,0.0100383333333334
1196.33769,0.00889666666666677
1196.58608,0.00760500000000008
1196.83577,0.00610333333333335
1197.08537,0.00265166666666672
1197.33495,0
1197.5845,0
1197.83546,0
1198.08336,0
1198.33147,0.00183
1198.58152,0.00635999999999992
1198.8327,0.01051
1199.08125,0.0162099999999998
1199.32972,0.02088
1199.58041,0.0269300000000001
1199.82852,0.0333899999999998
1200.07908,0.03762
1200.32762,0.03748
1200.57698,0.03647
1200.83032,0.0331000000000001
1201.07693,0.0286499999999998
1201.32665,0.0215799999999999
1201.57779,0.01468
1201.82373,0.00984000000000007
1202.07384,0.00594000000000006
1202.32643,0.00180999999999987
1202.57356,0
1202.82391,0
1203.07511,0.00153500000000006
1203.32234,0.00317749999999983
1203.57406,0.00493999999999994
1203.821,0.0087425000000001
1204.0703,0.0137350000000001
1204.32285,0.0181875
1204.57091,0.0189699999999999
1204.8192,0.0208524999999999
1205.07048,0.020885
1205.31879,0.0207475000000001
1205.56833,0.01763
1205.81514,0.0145624999999998
1206.06807,0.0127949999999999
1206.31704,0.0108075000000001
1206.56665,0.0081
1206.81831,0.00479249999999976
1207.06527,0.00347499999999989
1207.31492,0.00322749999999994
1207.56447,0.00280999999999998
1207.81422,0.000242500000000145
1208.06288,0
1208.31255,0
1208.56369,0
1208.81127,0
1209.06166,0
1209.31103,6.38461538462476e-05
1209.55889,0.00299846153846151
1209.80827,0.00447307692307697
1210.0587,0.00535769230769234
1210.30993,0.00662230769230754
1210.56014,0.00875692307692288
1210.80821,0.00913153846153847
1211.05771,0.00746615384615379
1211.30393,0.00648076923076912
1211.55555,0.00583538461538469
1211.80428,0.00421999999999989
1212.0567,0
1212.30421,0.00210066666666675
1212.55304,0.00473133333333342
1212.80462,0.00725199999999981
1213.05217,0.00927266666666648
1213.30179,0.0133433333333333
1213.55314,0.0177940000000001
1213.8012,0.0212546666666666
1214.05321,0.0227353333333331
1214.30241,0.023836
1214.5544,0.0252066666666666
1214.80081,0.0244473333333333
1215.04903,0.0227380000000001
1215.29939,0.0194986666666666
1215.54911,0.0184293333333332
1215.79657,0.0174699999999999
1216.04561,0.0151806666666667
1216.29518,0.0116313333333333
1216.54717,0.0108919999999999
1216.7966,0.0108726666666665
1217.04659,0.0105233333333332
1217.29556,0.00825399999999998
1217.54308,0.00619466666666657
1217.79421,0.00730533333333305
1218.04384,0.00644599999999995
1218.2929,0.0061766666666665
1218.54165,0.00398733333333334
1218.79103,0.00449799999999989
1219.04242,0.00368866666666645
1219.29099,0.00327933333333319
1219.54115,0
1219.79121,0.000683333333333147
1220.03961,0.00061666666666671
1220.28757,0.000589999999999868
1220.5383,0
1220.78962,0
1221.03796,0
1221.28829,0
1221.53615,0.000364999999999949
1221.78496,0
1222.03449,0.000420000000000087
1222.28619,0.00133000000000005
1222.53364,0
1222.78475,0
1223.03321,0.00113999999999992
1223.28116,0.0010699999999999
1223.53198,0.00141999999999975
1223.78161,0
1224.03081,9.74999999998616e-05
1224.28273,0.00018499999999988
1224.53046,0.000332499999999847
1224.78051,0
1225.02901,0
1225.2801,0.000872500000000054
1225.52911,0
1225.77729,8.74999999997961e-05
1226.02906,0
1226.27703,0
1226.52522,0.000960000000000072
1226.77707,0.000529999999999919
1227.02519,0
1227.27418,0
1227.52362,0
1227.77364,0.000280000000000058
1228.02373,0
1228.27181,0
1228.52156,0
1228.7711,0.000920000000000032
1229.02071,0.000410000000000021
1229.27323,0
1229.52143,0
1229.76966,0.000292500000000029
1230.01992,0
1230.26961,0
1230.51833,0.00197000000000003
1230.76696,0
1231.01548,0.00149999999999983
1231.26572,0
1231.51928,0
1231.76763,0
1232.01506,0
1232.26563,0
1232.51929,8.99999999999235e-05
1232.76362,0.00204999999999989
1233.01306,0
1233.26262,0
1233.51364,0
1233.76136,0.000499999999999945
1234.01184,0
1234.26153,9.9999999999989e-05
1234.51138,0
1234.75935,0
1235.01007,0
1235.25923,0.000760000000000094
1235.51239,0
1235.75896,0.00106000000000006
1236.00915,0.000219999999999887
1236.25827,0
1236.50767,0
1236.75679,0.0011485714285715
1237.00442,0.00323785714285707
1237.25373,0.0039271428571428
1237.50666,0.00448642857142856
1237.75542,0.00538571428571433
1238.00208,0.00853499999999996
1238.25235,0.00892428571428572
1238.50492,0.00987357142857159
1238.75208,0.00742285714285718
1239.0029,0.00798214285714294
1239.25105,0.00663142857142862
1239.50181,0.00430071428571432
1239.75044,0.000340000000000229
1240.00046,0
1240.24791,0.00107499999999994
1240.49907,0.000229999999999952
1240.7476,0
1240.99409,0.000439999999999996
1241.24953,0
1241.49905,0
1241.74806,0
1241.99467,0
1242.24461,0.000229999999999952
1242.49327,0
1242.74462,0.00151999999999997
1242.99313,0
1243.24108,0.000329999999999941
1243.49001,0.00111999999999979
1243.74143,0.00116000000000005
1243.99296,0
1244.23997,0
1244.4901,0.00133000000000005
1244.74079,0.000830000000000108
1244.98945,0
1245.23834,0
1245.48896,0.00016000000000016
1245.73895,0
1245.98638,0.000769999999999937
1246.23668,0
1246.48703,0
1246.73741,0
1246.98528,0
1247.23487,0
1247.48644,0
1247.73539,0
1247.98449,0
1248.23246,0
1248.48156,0
1248.73314,0.00139333333333336
1248.98345,0.00114666666666663
1249.23114,0.000920000000000032
1249.48004,0
1249.73161,0
1249.98044,0
1250.22966,0.000674166666666753
1250.47795,0
1250.73054,0.00228249999999997
1250.97604,0.00292666666666674
1251.22755,0.0046708333333334
1251.47784,0.00503500000000012
1251.72914,0.00724916666666675
1251.97583,0.00929333333333338
1252.22486,0.00980750000000019
1252.47557,0.00953166666666672
1252.72427,0.00988583333333337
1252.97315,0.00979000000000019
1253.22392,0.00918416666666655
1253.47467,0.00720833333333326
1253.7228,0.00523249999999997
1253.97329,0.00529666666666673
1254.22199,0.0038908333333334
1254.47077,0.002745
1254.71914,0.000549166666666601
1254.96879,0.00142333333333333
1255.21919,0.000557499999999989
1255.46985,0.00127166666666678
1255.71894,3.58333333334571e-05
1255.96985,0
1256.21693,0
1256.46676,0.0019499999999999
1256.7136,0
1256.96753,0
1257.21612,0.00012000000000012
1257.46602,0
1257.71263,0.00116999999999989
1257.96703,0
1258.21389,0.000126666666666608
1258.46373,0.000653333333333617
1258.71165,0.000470000000000192
1258.96137,0
1259.21187,0.000194999999999945
1259.46198,0
1259.7108,0
1259.96189,0
1260.20984,0
1260.46033,0.000280000000000058
1260.70624,0.000130000000000186
1260.95804,0
1261.20837,0
1261.45641,0
1261.70761,0
1261.95684,0.000759999999999872
1262.20599,0
1262.45603,0
1262.70502,0
1262.9555,0.000126666666666608
1263.20355,0
1263.45358,0
1263.70243,0
1263.95334,0.000237499999999891
1264.20183,0
1264.45099,0
1264.70052,0.000199999999999978
1264.95095,0.000127499999999836
1265.19968,0
1265.44801,0
1265.69992,0.000520000000000076
1265.94935,0
1266.19647,0.000226666666666597
1266.44776,0
1266.69675,0.00147999999999993
1266.94825,0
1267.19681,0.000236666666666663
1267.44397,0
1267.69494,0.000719999999999832
1267.94812,0
1268.19627,0.000227500000000047
1268.44326,0
1268.69222,0.000162499999999843
1268.9429,0.000869999999999926
1269.19453,0
1269.4404,0
1269.68895,0
1269.94013,8.99999999999235e-05
1270.18899,0
1270.43952,0
1270.68771,0
1270.93971,0.000129999999999963
1271.18939,0
1271.43809,0
1271.68669,0
1271.93611,0
1272.18849,0
1272.43548,0.000119999999999898
1272.68435,0
1272.9342,0.000259999999999927
1273.18395,0
1273.43214,0.00155000000000016
1273.68328,0
1273.93125,0
1274.18081,0
1274.43236,0
1274.68219,0
1274.92988,0
1275.1801,0
1275.42984,0.000406666666666666
1275.67803,0.000813333333333333
1275.92823,0.000629999999999908
1276.17883,0.00334666666666661
1276.42791,0.00314333333333328
1276.67701,0.0024900000000001
1276.92452,0
1277.17781,0.000904999999999934
1277.42472,0.00112999999999985
1277.67489,0.000164999999999971
1277.92519,0
1278.17573,9.9999999999989e-05
1278.42525,0
1278.67147,0.00212000000000012
1278.92068,0
1279.17222,0
1279.4204,0.000170000000000003
1279.67096,0
1279.91868,0
1280.17062,0
1280.42017,0.0021825000000002
1280.66849,0.00103000000000031
1280.91856,0
1281.16935,0
1281.41981,0
1281.66596,0
1281.91504,0.00127999999999995
1282.16503,0
1282.41512,0
1282.66363,0
1282.91328,0
1283.16366,0
1283.41339,0
1283.66323,0
1283.91272,0
1284.16276,0
1284.41466,0
1284.66005,0
1284.91026,0
1285.16038,0
1285.4098,0
1285.66125,0
1285.9084,0.000150000000000095
1286.15788,0
1286.40701,0
1286.65539,0
1286.90637,0.00107999999999997
1287.15376,0
1287.40603,0
1287.65613,0
1287.90575,0.00101333333333331
1288.15529,0
1288.40602,0
1288.65273,0
1288.90409,0
1289.15146,0.000839999999999952
1289.40437,0
1289.65167,0
1289.90043,0.000154999999999905
1290.15061,0.00146000000000002
1290.40247,0.000395000000000145
1290.64902,0
1290.89855,0
1291.14734,0
1291.39868,0
1291.64589,0.000604999999999967
1291.89718,0
1292.14452,0
1292.39471,0
1292.64478,0.000273333333333348
1292.89242,0
1293.14425,0
1293.39528,0
1293.64198,0.00030875000000008
1293.89386,0
1294.14182,0
1294.39222,0.00122500000000003
1294.64097,0.000283749999999916
1294.88973,0
1295.13992,0
1295.38916,0.00107999999999997
1295.63741,0
1295.88871,0.000215000000000076
1296.13716,0
1296.3869,0
1296.63687,0
1296.88611,0.000765000000000127
1297.13587,0.000650000000000039
1297.38578,0
1297.63611,0
1297.88526,0
1298.13295,0.00139999999999985
1298.38419,0
1298.63515,0
1298.88392,0
1299.13038,0
1299.38144,0
1299.63069,0
1299.88321,0
1300.13009,0.0015099999999999
1300.38114,0
1300.62816,0
1300.87913,0
1301.12694,0
1301.37741,0.000310000000000032
1301.62795,0
1301.87622,0.000523333333333209
1302.12541,0.000106666666666699
1302.37616,0
1302.62649,0
1302.87591,0
1303.12403,0
1303.37226,0
1303.62515,0
1303.87325,0
1304.12104,0
1304.37057,0
1304.62164,0
1304.87044,0.00110999999999994
1305.11744,0
1305.37094,0.0015900000000002
1305.62123,0
1305.86795,0
1306.11895,0.00154750000000003
1306.36729,0.00077499999999997
1306.6167,2.49999999990536e-06
1306.86773,0
1307.11506,0
1307.36501,0
1307.61581,0.0012700000000001
1307.86468,0
1308.11268,0
1308.36585,0
1308.61336,0
1308.86234,0
1309.1112,0
1309.36267,0.000179999999999847
1309.61095,0
1309.8598,0
1310.11291,0
1310.35974,0.000279999999999836
1310.60957,0
1310.85913,0
1311.10862,0
1311.3579,0
1311.60835,0
1311.85839,0.00197000000000003
1312.10672,0
1312.35542,0
1312.60407,0
1312.85409,0.00148999999999999
1313.10572,0.00141999999999998
1313.35365,0
1313.60473,0
1313.85278,0.000494999999999912
1314.10192,0
1314.35231,0
1314.60163,0.00202000000000013
1314.85296,0
1315.09912,0
1315.35076,0
1315.59997,0.000790000000000068
1315.8491,0.000786666666666713
1316.09696,0.000773333333333293
1316.34864,0
1316.59683,0
1316.84841,0
1317.09661,0.000280000000000058
1317.34659,0
1317.59356,0
1317.84528,0.00184000000000006
1318.095,0
1318.34409,8.000000000008e-05
1318.59354,6.99999999997925e-05
1318.84289,0.00168999999999997
1319.09165,0.000969999999999915
1319.34283,0
1319.58943,0
1319.84294,0
1320.09071,0
1320.34003,0.00120000000000009
1320.58907,0
1320.83942,0
1321.08821,0
1321.33881,0
1321.58856,0
1321.83805,0
1322.08365,0
1322.3383,0
1322.5864,0
1322.83651,0
1323.08459,0
1323.33641,0
1323.58401,0
1323.83311,0
1324.0844,0
1324.33276,0
1324.58086,0
1324.83419,0
1325.08337,0
1325.3308,0
1325.58083,0.00187999999999988
1325.83041,0
1326.07934,0.000552499999999956
1326.32771,0.00272500000000031
1326.57726,0.000897500000000218
1326.82779,0.0012500000000002
1327.07795,0
1327.32621,0
1327.57672,0
1327.82315,0.00201999999999991
1328.07553,0
1328.32451,0
1328.57224,0
1328.8234,0
1329.07192,0
1329.32161,0
1329.57097,0
1329.82105,0
1330.073,0.00157000000000007
1330.31937,0
1330.56961,0
1330.81837,0
1331.07085,0.000305
1331.32012,0
1331.5681,0
1331.81825,0
1332.06544,0
1332.3166,0
1332.56488,0.000170000000000003
1332.8137,0
1333.06481,0
1333.31478,0
1333.56541,0
1333.81228,0
1334.06618,0
1334.31137,0.00141999999999998
1334.5634,0
1334.8129,0
1335.06293,0
1335.30995,0
1335.55844,0.000939999999999941
1335.80975,0
1336.05949,0
1336.30851,0
1336.55976,0
1336.80832,0
1337.0587,0
1337.30518,0.00101499999999999
1337.55633,0.000559999999999894
1337.80372,0
1338.05572,0
1338.30365,0
1338.55256,0
1338.80275,0.00057750000000012
1339.05338,0.00129500000000005
1339.30211,0.00321249999999984
1339.55386,0.00375999999999999
1339.80066,0
1340.05221,0
1340.30065,0
1340.54994,0
1340.798,0.00217000000000001
1341.04873,0
1341.29771,0
1341.54727,0
1341.79895,0.000415000000000054
1342.04706,5.00000000001055e-05
1342.29775,0
1342.54369,0
1342.79357,0
1343.04502,5.00000000001055e-05
1343.29544,0.00157999999999991
1343.54357,0
1343.79233,0
1344.04168,0
1344.29308,0
1344.54086,0
1344.79035,0
1345.04025,0.00174000000000007
1345.29145,0
1345.53877,0
1345.78864,0
1346.03979,0
1346.2875,0
1346.53793,0
1346.78416,0
1347.03764,0
1347.28515,0
1347.53532,0
1347.78628,0
1348.03371,0
1348.28581,0
1348.53456,0
1348.78386,0
1349.03469,0
1349.28389,0
1349.53159,0
1349.78229,0
1350.03174,0.00171999999999994
1350.28124,0
1350.52903,0
1350.77825,0
1351.02993,0.000213999999999936
1351.28007,0
1351.52895,0
1351.77626,0.00196599999999991
1352.02442,0.00055000000000005
1352.27656,0.000623999999999958
1352.52758,0.000888
1352.77448,0.00299199999999988
1353.02481,0.00180599999999997
1353.27688,0.00141999999999998
1353.52416,0
1353.77335,0
1354.02152,0
1354.2705,0.00198999999999994
1354.52207,0
1354.77144,0
1355.02095,0.00116333333333341
1355.27045,0.000236666666666663
1355.5219,0
1355.76719,0
1356.01959,0
1356.26871,0
1356.52046,0.000639999999999974
1356.76816,0
1357.01885,0
1357.26608,0
1357.51996,0
1357.76448,0
1358.01433,0
1358.26471,0
1358.51577,0
1358.76298,0
1359.01445,0
1359.26295,0
1359.51188,0.00153000000000003
1359.76135,0
1360.01089,0
1360.26141,0
1360.50921,0
1360.75817,0.00226999999999999
1361.00947,0
1361.25862,0
1361.51026,0
1361.75685,0.000371666666666659
1362.00804,0
1362.25711,1.49999999998762e-05
1362.50869,0.00253666666666663
1362.7565,0.00128833333333311
1363.00562,0.00100999999999996
1363.25504,0
1363.50483,0
1363.75294,0
1364.00206,0.000279999999999836
1364.25051,0
1364.50384,0
1364.74995,0
1365.00172,0.00166999999999984
1365.25044,0
1365.50111,0
1365.75076,0
1365.99941,0
1366.24885,0
1366.49808,4.99999999998835e-05
1366.74856,0.00126000000000004
1366.99856,0
1367.24727,0.000860000000000083
1367.49638,0
1367.74562,0.000109999999999832
1367.99549,0
1368.24588,0
1368.49444,0
1368.74359,0
1368.99281,0.00148499999999996
1369.24393,0.00242999999999993
1369.49227,0
1369.74187,0
1369.98974,0
1370.24252,0.0003439999999999
1370.49192,0.000588000000000033
1370.73863,0.00146200000000007
1370.98701,0.00289600000000001
1371.23936,0.00173000000000001
1371.48943,0
1371.73795,0.000599999999999934
1371.98694,0.00248999999999988
1372.2383,0.00198000000000009
1372.48559,0.000620000000000065
1372.73515,0.000459999999999905
1372.98595,0.00205999999999995
1373.23473,0.00132000000000021
1373.48405,0.00168999999999997
1373.73342,0
1373.98331,0.000180000000000069
1374.23226,0
1374.48239,0.00163000000000002
1374.73099,0
1374.98032,0
1375.23125,0
1375.48005,0
1375.7289,0.00104499999999996
1375.97912,0.00225999999999993
1376.23064,0
1376.4785,0
1376.72788,0.00183
1376.97545,0
1377.22859,0
1377.47536,0
1377.72699,0.000196000000000085
1377.97523,0
1378.22283,0
1378.47433,0.00110399999999999
1378.72173,0.00153000000000003
1378.97287,0
1379.22386,0.000522000000000133
1379.47294,0.00206800000000018
1379.72376,0.00135400000000008
1379.974,0.000720000000000054
1380.22191,0
1380.46897,0
1380.71977,0
1380.96953,0.00197000000000003
1381.2188,0
1381.46779,0.00220750000000014
1381.71878,0.002135
1381.96913,0.00193249999999989
1382.21887,0.000269999999999992
1382.46627,0.0015575000000001
1382.71531,0.00263499999999994
1382.96578,0.00224249999999993
1383.21306,0
1383.46508,0
1383.71242,0.000879999999999992
1383.96326,0
1384.21305,0.000170000000000003
1384.46122,0
1384.71279,0.0012700000000001
1384.96044,0.000620000000000065
1385.20983,0
1385.46032,0
1385.71147,0.000249999999999861
1385.95821,0
1386.20964,0.00178000000000011
1386.4558,0
1386.70764,0
1386.95714,4.24999999999454e-05
1387.20795,0
1387.45723,0
1387.70645,0
1387.95789,0
1388.2045,0
1388.45337,0.00178000000000011
1388.70376,0
1388.9551,0
1389.20257,0
1389.45309,0
1389.70086,0
1389.95418,0.000569999999999959
1390.20122,0
1390.44939,0
1390.70013,0.000355000000000105
1390.95242,0.00140999999999991
1391.19965,0.00251499999999982
1391.44732,0.00288999999999984
1391.69805,0
1391.94918,0
1392.19558,0
1392.44743,0
1392.69526,0.00215999999999994
1392.94649,0
1393.19481,0
1393.44409,0
1393.69314,0
1393.94368,0
1394.19447,0.000639999999999752
1394.4436,0
1394.69224,0
1394.94357,0
1395.19373,0
1395.44045,0
1395.68888,0
1395.93965,0
1396.19079,0
1396.43731,0
1396.69303,0
1396.95353,0
1397.19427,0
1397.43625,0
1397.6989,0
1397.93474,0
1398.18596,0.00191999999999992
1398.43318,0
1398.68308,0
1398.93318,0
1399.18415,0.000154999999999905
1399.43139,0
1399.68107,0
1399.93252,0.00205999999999973
1400.1819,0
1400.43131,0
1400.67927,0
1400.92805,0
1401.18104,0
1401.42885,0
1401.67901,0
1401.92507,0
1402.17676,0
1402.42697,0.00232999999999994
1402.67509,0
1402.92731,0.00088749999999993
1403.17436,0.00188500000000014
1403.42375,0.000662500000000232
1403.67308,0
1403.92349,7.66666666667248e-05
1404.17135,0.00119333333333316
1404.42384,0
1404.67255,0.00122
1404.92353,0
1405.17253,0
1405.42086,0
1405.67005,0
1405.92023,0
1406.17139,0
1406.41811,0
1406.66787,0.00252999999999992
1406.91754,0
1407.16642,0.000722499999999959
1407.41847,0.00139500000000004
1407.66673,0.00237750000000014
1407.91392,0.000950000000000006
1408.16721,0
1408.41624,0
1408.6642,0
1408.91486,0
1409.16231,0
1409.41327,0.00479800000000008
1409.66238,0.00350399999999995
1409.91254,0.00174999999999992
1410.15866,0
1410.41181,9.74999999998616e-05
1410.6598,0.000564999999999927
1410.91081,0
1411.15856,0
1411.40846,0
1411.65715,0
1411.9066,0.000243333333333373
1412.15758,0
1412.40859,0
1412.6558,0.000729999999999897
1412.90397,0
1413.15527,8.99999999999235e-05
1413.40632,0.0014200000000002
1413.65637,0.00136000000000003
1413.90408,0.00433000000000017
1414.15485,0.0037100000000001
1414.40274,0
1414.65476,0.00104000000000015
1414.90109,0.00240000000000018
1415.151,0.00157000000000029
1415.40144,0.000760000000000316
1415.64952,0.000970000000000359
1415.90019,0.00290000000000035
1416.1474,0
1416.39968,0.00131999999999999
1416.64772,0
1416.89851,0
1417.14884,0
1417.39893,0
1417.64653,0
1417.89578,0
1418.14503,0.00407000000000002
1418.39706,0
1418.64357,0
1418.89142,0.00248000000000026
1419.14274,0.00209999999999999
1419.39429,0.00046999999999997
1419.64427,0
1419.89164,0
1420.14208,0.00215750000000003
1420.39154,0.000641250000000149
1420.64138,0
1420.89066,0
1421.13866,0.00122250000000013
1421.3907,0
1421.63976,0
1421.88636,0
1422.1369,0.0017275000000001
1422.38925,0
1422.63773,0
1422.88626,0
1423.1335,4.25000000001674e-05
1423.38179,0.000136249999999949
1423.6349,0.00012000000000012
1423.88274,0
1424.13284,0
1424.38353,0
1424.63334,0.000229999999999952
1424.88248,0
1425.13227,0.00156000000000001
1425.38148,0.00164999999999993
1425.63164,0
1425.87882,0
1426.12874,0
1426.3771,0.0017100000000001
1426.6308,0
1426.87737,0
1427.12636,0
1427.37489,0
1427.62774,0
1427.87407,0
1428.12569,0
1428.37438,0
1428.6243,0
1428.8752,0
1429.12381,0
1429.37452,0
1429.6241,0
1429.87184,0
1430.12016,0
1430.37065,0
1430.62281,0
1430.87063,0
1431.11875,0
1431.3676,0
1431.61927,0
1431.86791,0
1432.11611,0
1432.3674,0
1432.61933,0
1432.86656,0
1433.1151,0
1433.36306,0.00170999999999988
1433.61497,0
1433.86384,0
1434.11354,0.000439999999999996
1434.36302,0
1434.61395,0
1434.86154,0.00063000000000013
1435.11069,0
1435.36207,0
1435.61067,0
1435.86081,0
1436.10971,0
1436.35884,0
1436.60628,0
1436.85921,0
1437.10906,0
1437.35632,0
1437.60955,0
1437.85562,0
1438.10455,0
1438.35486,0
1438.60423,0.00282000000000004
1438.85618,0
1439.10368,0
1439.35199,0
1439.60173,0
1439.85408,0.000502000000000002
1440.1004,0.00170399999999993
1440.35049,0.00346599999999997
1440.60063,0.00318799999999997
1440.84968,0.00297999999999998
1441.10045,0
1441.349,0
1441.60023,0
1441.85057,0
1442.0985,0
1442.34771,0
1442.59728,0.000953529411764853
1442.84568,0.00116941176470609
1443.0951,0
1443.34518,0
1443.59642,0.000367058823529609
1443.84604,0.00143294117647064
1444.09433,0
1444.34284,0
1444.59414,0.00116058823529408
1444.84329,0.0011564705882352
1445.09263,1.23529411764078e-05
1445.34075,0
1445.59128,6.41176470588256e-05
1445.84173,0.000480000000000036
1446.09044,0
1446.3388,0.000105000000000022
1446.58856,0.00168999999999997
1446.84084,0
1447.08723,0.00207000000000002
1447.33686,0
1447.58898,0
1447.8362,0
1448.08546,0
1448.33418,0.000629999999999908
1448.58448,0
1448.83758,0
1449.08506,0
1449.33323,0.00159999999999982
1449.58195,0
1449.83524,0
1450.08494,0.000640000000000196
1450.33137,0.000479999999999814
1450.58073,0
1450.83159,0
1451.08277,0.000213333333333177
1451.3291,0
1451.57895,0.00124999999999997
1451.82787,0
1452.07987,0.000439999999999996
1452.32879,0.00190000000000001
1452.57621,9.9999999999989e-05
1452.8263,0
1453.07689,0
1453.32538,0
1453.57322,9.83333333333114e-05
1453.82532,0
1454.07453,0.000275000000000025
1454.32196,0.00145333333333331
1454.57186,0.00136166666666671
1454.82144,0.000179999999999847
1455.0719,0
1455.3214,0.000410000000000021
1455.57165,0
1455.82078,0
1456.06948,0
1456.31971,0
1456.57045,0
1456.81867,0
1457.06862,0
1457.31905,0
1457.56463,0
1457.81807,0
1458.06636,0
1458.31453,0
1458.56591,0
1458.81433,0
1459.06611,0
1459.31434,0
1459.5631,0
1459.81182,0
1460.06204,0
1460.31151,0
1460.56117,0
1460.81106,0
1461.06249,0
1461.30856,0
1461.55951,0
1461.80901,0
1462.05874,0
1462.30772,0
1462.55775,0
1462.80696,0
1463.06009,0
1463.30822,0
1463.55425,0
1463.80373,0
1464.05637,0
1464.30491,0
1464.55335,0
1464.80302,0
1465.05342,0
1465.30272,0
1465.55099,0
1465.80034,0
1466.05005,0
1466.30215,0
1466.54742,0
1466.79652,0
1467.04716,0
1467.29906,0
1467.54712,0
1467.79636,0
1468.04597,0
1468.29508,0
1468.54371,0
1468.79355,0
1469.04404,0
1469.29579,0
1469.54359,0
1469.79326,0
1470.04215,0
1470.29195,0
1470.54034,0
1470.79037,0
1471.04147,0
1471.29181,0
1471.53987,0
1471.78972,0
1472.03873,0
1472.28793,0
1472.53711,0
1472.78994,0
1473.03408,0
1473.28613,0
1473.53508,0
1473.78476,0
1474.03373,0
1474.28589,0
1474.53418,0
1474.78379,0
1475.03058,0
1475.28131,0
1475.53046,0
1475.78093,0
1476.03124,0
1476.28084,0
1476.53091,0
1476.77753,0
1477.02838,0
1477.28038,0
1477.52765,0
1477.77726,0
1478.02599,0
1478.27581,0
1478.52635,0
1478.77502,0
1479.02454,0
1479.27202,0
1479.52472,0
1479.77471,0
1480.02289,0
1480.27126,0
1480.52116,0
1480.77332,0
1481.01927,0
1481.26882,0
1481.52065,0
1481.76735,0
1482.01864,0
1482.26703,0
1482.51795,0
1482.76554,0
1483.01619,0
1483.26618,0
1483.51758,0
1483.76479,0
1484.01415,0
1484.26275,0
1484.51384,0
1484.76451,0
1485.01312,0
1485.26208,0
1485.513,0
1485.7608,0
1486.01013,0
1486.25968,0
1486.50889,0
1486.75736,0
1487.0072,0
1487.25853,0
1487.5091,0
1487.75806,0
1488.00922,0
1488.25677,0
1488.50738,0
1488.7545,0
1489.00462,0
1489.25359,0
1489.50631,0
1489.75291,0
1490.00243,0
1490.25359,0
1490.50053,0
1490.75108,0
1490.99962,0
1491.25102,0
1491.49992,0
1491.74952,0
1491.99646,0
1492.24805,0
1492.49844,0
1492.74711,0
1492.99837,0
1493.24604,0
1493.49448,0
1493.74338,0
1493.9947,0
1494.24235,0
1494.49367,0
1494.74318,0
1494.99203,0
1495.24218,0
1495.49041,0
1495.74306,0
1495.99008,0
1496.23926,0
1496.49049,0
1496.74047,0
1496.9872,0
1497.23769,0
1497.48614,0
1497.73839,0
1497.98852,0
1498.23497,0
1498.48559,0
1498.73572,0
1498.98427,0
1499.23328,0
1499.4844,0
1499.73413,0
1499.98151,0
1500.23262,0
1500.48046,0
1500.73162,0
1500.98018,0
1501.23096,0
1501.47992,0
1501.7301,0
1501.97769,0
1502.22823,0
1502.47589,0
1502.7279,0
1502.97663,0
1503.22587,0
1503.47558,0
1503.72488,0
1503.97514,0
1504.22481,0
1504.47398,0
1504.7237,0
1504.97292,0
1505.21982,0
1505.47068,0
1505.71966,0
1505.96971,0
1506.21984,0
1506.46842,0
1506.72104,0
1506.96808,0
1507.21621,0
1507.46587,0
1507.71439,0
1507.96898,0
1508.21696,0
1508.46637,0
1508.71384,0
